video_id,label,prob_fake,prediction
Celeb-real/id0_0001,0,0.852445,1
Celeb-real/id10_0001,0,0.015664,0
Celeb-real/id10_0007,0,0.462352,0
Celeb-real/id11_0006,0,0.037892,0
Celeb-real/id11_0008,0,0.192539,0
Celeb-real/id12_0005,0,0.237222,0
Celeb-real/id13_0004,0,0.000140,0
Celeb-real/id13_0011,0,0.000203,0
Celeb-real/id13_0013,0,0.002116,0
Celeb-real/id16_0007,0,0.016153,0
Celeb-real/id16_0010,0,0.000127,0
Celeb-real/id16_0011,0,0.233706,0
Celeb-real/id17_0000,0,0.165054,0
Celeb-real/id17_0002,0,0.092033,0
Celeb-real/id19_0005,0,0.532729,1
Celeb-real/id19_0007,0,0.670177,1
Celeb-real/id1_0001,0,0.000096,0
Celeb-real/id1_0006,0,0.003430,0
Celeb-real/id1_0007,0,0.018978,0
Celeb-real/id1_0008,0,0.001598,0
Celeb-real/id20_0008,0,0.572364,1
Celeb-real/id21_0006,0,0.432782,0
Celeb-real/id21_0009,0,0.613931,1
Celeb-real/id22_0000,0,0.000817,0
Celeb-real/id22_0009,0,0.001501,0
Celeb-real/id23_0001,0,0.004199,0
Celeb-real/id24_0009,0,0.141281,0
Celeb-real/id25_0010,0,0.017849,0
Celeb-real/id26_0008,0,0.079782,0
Celeb-real/id27_0008,0,0.214034,0
Celeb-real/id27_0009,0,0.439627,0
Celeb-real/id28_0004,0,0.033844,0
Celeb-real/id28_0009,0,0.002116,0
Celeb-real/id29_0008,0,0.016277,0
Celeb-real/id29_0009,0,0.000180,0
Celeb-real/id2_0001,0,0.525491,1
Celeb-real/id2_0002,0,0.583915,1
Celeb-real/id2_0003,0,0.373876,0
Celeb-real/id2_0004,0,0.592667,1
Celeb-real/id2_0008,0,0.168309,0
Celeb-real/id30_0007,0,0.019124,0
Celeb-real/id31_0003,0,0.005060,0
Celeb-real/id31_0004,0,0.330687,0
Celeb-real/id31_0007,0,0.083292,0
Celeb-real/id32_0002,0,0.558929,1
Celeb-real/id32_0003,0,0.376394,0
Celeb-real/id32_0006,0,0.552781,1
Celeb-real/id33_0002,0,0.000274,0
Celeb-real/id33_0008,0,0.000536,0
Celeb-real/id35_0000,0,0.488344,0
Celeb-real/id35_0003,0,0.666280,1
Celeb-real/id35_0008,0,0.573201,1
Celeb-real/id36_0000,0,0.034619,0
Celeb-real/id36_0001,0,0.000291,0
Celeb-real/id36_0002,0,0.224735,0
Celeb-real/id36_0006,0,0.119614,0
Celeb-real/id36_0008,0,0.391173,0
Celeb-real/id37_0005,0,0.008062,0
Celeb-real/id37_0009,0,0.072112,0
Celeb-real/id39_0005,0,0.626581,1
Celeb-real/id3_0001,0,0.033337,0
Celeb-real/id3_0002,0,0.006388,0
Celeb-real/id3_0008,0,0.000779,0
Celeb-real/id40_0003,0,0.001727,0
Celeb-real/id40_0009,0,0.160266,0
Celeb-real/id42_0002,0,0.008316,0
Celeb-real/id43_0001,0,0.984094,1
Celeb-real/id43_0002,0,0.630230,1
Celeb-real/id43_0006,0,0.582729,1
Celeb-real/id44_0001,0,0.000856,0
Celeb-real/id44_0003,0,0.473749,0
Celeb-real/id45_0003,0,0.044681,0
Celeb-real/id46_0000,0,0.814643,1
Celeb-real/id48_0000,0,0.411111,0
Celeb-real/id48_0003,0,0.658418,1
Celeb-real/id49_0004,0,0.001001,0
Celeb-real/id4_0004,0,0.119614,0
Celeb-real/id50_0000,0,0.000325,0
Celeb-real/id50_0003,0,0.116764,0
Celeb-real/id50_0006,0,0.375706,0
Celeb-real/id51_0001,0,0.000033,0
Celeb-real/id51_0005,0,0.833325,1
Celeb-real/id51_0006,0,0.003324,0
Celeb-real/id52_0001,0,0.000018,0
Celeb-real/id52_0002,0,0.225417,0
Celeb-real/id53_0000,0,0.582491,1
Celeb-real/id53_0003,0,0.500183,1
Celeb-real/id53_0007,0,0.012821,0
Celeb-real/id54_0007,0,0.510969,1
Celeb-real/id56_0000,0,0.169406,0
Celeb-real/id56_0009,0,0.109706,0
Celeb-real/id57_0003,0,0.003075,0
Celeb-real/id57_0007,0,0.112016,0
Celeb-real/id58_0002,0,0.006004,0
Celeb-real/id6_0002,0,0.441914,0
Celeb-real/id6_0005,0,0.918480,1
Celeb-real/id7_0006,0,0.068040,0
Celeb-real/id8_0000,0,0.003945,0
Celeb-real/id8_0009,0,0.622230,1
Celeb-real/id9_0000,0,0.000245,0
Celeb-synthesis/id0_id16_0004,1,0.295433,0
Celeb-synthesis/id0_id16_0007,1,0.553505,1
Celeb-synthesis/id0_id26_0009,1,0.045353,0
Celeb-synthesis/id10_id13_0001,1,0.001048,0
Celeb-synthesis/id10_id13_0004,1,0.496033,0
Celeb-synthesis/id10_id7_0001,1,0.004265,0
Celeb-synthesis/id10_id7_0005,1,0.225417,0
Celeb-synthesis/id12_id7_0006,1,0.000424,0
Celeb-synthesis/id13_id7_0000,1,0.004265,0
Celeb-synthesis/id13_id7_0012,1,0.798187,1
Celeb-synthesis/id16_id20_0006,1,0.002758,0
Celeb-synthesis/id16_id2_0006,1,0.017577,0
Celeb-synthesis/id16_id3_0010,1,0.001188,0
Celeb-synthesis/id16_id6_0001,1,0.159741,0
Celeb-synthesis/id16_id6_0011,1,0.196209,0
Celeb-synthesis/id17_id0_0000,1,0.781997,1
Celeb-synthesis/id17_id26_0006,1,0.278649,0
Celeb-synthesis/id17_id28_0001,1,0.531088,1
Celeb-synthesis/id17_id2_0007,1,0.001389,0
Celeb-synthesis/id19_id20_0000,1,0.121269,0
Celeb-synthesis/id1_id16_0007,1,0.000579,0
Celeb-synthesis/id1_id20_0001,1,0.057071,0
Celeb-synthesis/id1_id3_0003,1,0.037892,0
Celeb-synthesis/id1_id3_0006,1,0.534612,1
Celeb-synthesis/id1_id3_0009,1,0.111241,0
Celeb-synthesis/id20_id1_0007,1,0.960063,1
Celeb-synthesis/id21_id28_0009,1,0.680454,1
Celeb-synthesis/id21_id6_0005,1,0.034619,0
Celeb-synthesis/id22_id21_0005,1,0.114369,0
Celeb-synthesis/id22_id27_0001,1,0.000029,0
Celeb-synthesis/id22_id28_0006,1,0.001065,0
Celeb-synthesis/id23_id2_0007,1,0.463141,0
Celeb-synthesis/id23_id35_0009,1,0.437343,0
Celeb-synthesis/id24_id26_0009,1,0.130729,0
Celeb-synthesis/id25_id23_0010,1,0.144631,0
Celeb-synthesis/id25_id28_0010,1,0.016153,0
Celeb-synthesis/id26_id1_0002,1,0.929440,1
Celeb-synthesis/id26_id2_0005,1,0.024423,0
Celeb-synthesis/id27_id19_0001,1,0.566858,1
Celeb-synthesis/id27_id21_0002,1,0.088820,0
Celeb-synthesis/id27_id22_0007,1,0.679179,1
Celeb-synthesis/id27_id24_0007,1,0.475423,0
Celeb-synthesis/id28_id20_0008,1,0.449755,0
Celeb-synthesis/id28_id21_0006,1,0.712232,1
Celeb-synthesis/id28_id35_0008,1,0.825590,1
Celeb-synthesis/id28_id4_0006,1,0.230227,0
Celeb-synthesis/id28_id6_0006,1,0.373190,0
Celeb-synthesis/id29_id32_0000,1,0.080937,0
Celeb-synthesis/id29_id35_0000,1,0.028871,0
Celeb-synthesis/id29_id37_0008,1,0.495304,0
Celeb-synthesis/id29_id38_0008,1,0.597138,1
Celeb-synthesis/id2_id6_0002,1,0.989672,1
Celeb-synthesis/id30_id4_0001,1,0.085099,0
Celeb-synthesis/id30_id6_0007,1,0.007346,0
Celeb-synthesis/id31_id16_0002,1,0.034881,0
Celeb-synthesis/id31_id2_0004,1,0.345105,0
Celeb-synthesis/id31_id30_0009,1,0.037609,0
Celeb-synthesis/id32_id31_0008,1,0.609757,1
Celeb-synthesis/id33_id38_0001,1,0.504761,1
Celeb-synthesis/id34_id32_0007,1,0.688887,1
Celeb-synthesis/id34_id33_0005,1,0.688049,1
Celeb-synthesis/id35_id16_0007,1,0.410874,0
Celeb-synthesis/id35_id20_0007,1,0.590307,1
Celeb-synthesis/id35_id23_0007,1,0.619932,1
Celeb-synthesis/id35_id26_0003,1,0.809276,1
Celeb-synthesis/id35_id32_0007,1,0.624752,1
Celeb-synthesis/id37_id21_0005,1,0.004265,0
Celeb-synthesis/id37_id31_0008,1,0.130729,0
Celeb-synthesis/id37_id35_0005,1,0.004332,0
Celeb-synthesis/id37_id38_0009,1,0.018125,0
Celeb-synthesis/id38_id30_0006,1,0.291384,0
Celeb-synthesis/id3_id1_0001,1,0.076408,0
Celeb-synthesis/id3_id28_0009,1,0.951863,1
Celeb-synthesis/id45_id39_0008,1,0.577734,1
Celeb-synthesis/id45_id47_0002,1,0.151529,0
Celeb-synthesis/id46_id39_0000,1,0.135232,0
Celeb-synthesis/id47_id43_0007,1,0.742048,1
Celeb-synthesis/id4_id0_0001,1,0.652684,1
Celeb-synthesis/id4_id0_0004,1,0.736401,1
Celeb-synthesis/id4_id20_0001,1,0.660610,1
Celeb-synthesis/id4_id20_0008,1,0.395601,0
Celeb-synthesis/id4_id26_0007,1,0.636127,1
Celeb-synthesis/id4_id28_0006,1,0.750553,1
Celeb-synthesis/id4_id6_0002,1,0.000688,0
Celeb-synthesis/id4_id6_0008,1,0.772531,1
Celeb-synthesis/id50_id49_0001,1,0.798815,1
Celeb-synthesis/id54_id49_0003,1,0.045016,0
Celeb-synthesis/id54_id58_0006,1,0.031859,0
Celeb-synthesis/id6_id0_0005,1,0.885235,1
Celeb-synthesis/id6_id16_0005,1,0.860604,1
Celeb-synthesis/id6_id20_0007,1,0.266644,0
Celeb-synthesis/id6_id21_0006,1,0.002019,0
Celeb-synthesis/id6_id23_0001,1,0.136608,0
Celeb-synthesis/id7_id11_0009,1,0.946597,1
Celeb-synthesis/id8_id6_0002,1,0.843380,1
Celeb-synthesis/id9_id0_0006,1,0.448547,0
Celeb-synthesis/id9_id23_0009,1,0.005140,0
Celeb-synthesis/id9_id2_0000,1,0.562417,1
Celeb-synthesis/id9_id3_0000,1,0.734501,1
Celeb-synthesis/id9_id6_0005,1,0.924142,1
