video_id,label,prob_fake,prediction,alpha_mean
Celeb-real/id0_0001,0,0.004755,0,0.7490
Celeb-real/id10_0001,0,0.056652,0,0.5285
Celeb-real/id10_0007,0,0.083292,0,0.6576
Celeb-real/id11_0006,0,0.001455,0,0.6540
Celeb-real/id11_0008,0,0.000203,0,0.6794
Celeb-real/id12_0005,0,0.204978,0,0.5999
Celeb-real/id13_0004,0,0.004070,0,0.4783
Celeb-real/id13_0011,0,0.000197,0,0.6637
Celeb-real/id13_0013,0,0.001367,0,0.7099
Celeb-real/id16_0007,0,0.901227,1,0.5990
Celeb-real/id16_0010,0,0.000120,0,0.7661
Celeb-real/id16_0011,0,0.016785,0,0.5370
Celeb-real/id17_0000,0,0.096025,0,0.6618
Celeb-real/id17_0002,0,0.024610,0,0.7111
Celeb-real/id19_0005,0,0.028008,0,0.5049
Celeb-real/id19_0007,0,0.120853,0,0.5643
Celeb-real/id1_0001,0,0.000261,0,0.5966
Celeb-real/id1_0006,0,0.000131,0,0.4453
Celeb-real/id1_0007,0,0.004830,0,0.5803
Celeb-real/id1_0008,0,0.000056,0,0.5569
Celeb-real/id20_0008,0,0.865224,1,0.5319
Celeb-real/id21_0006,0,0.010987,0,0.5411
Celeb-real/id21_0009,0,0.454260,0,0.6169
Celeb-real/id22_0000,0,0.004682,0,0.6664
Celeb-real/id22_0009,0,0.000496,0,0.6738
Celeb-real/id23_0001,0,0.000424,0,0.7146
Celeb-real/id24_0009,0,0.314051,0,0.5832
Celeb-real/id25_0010,0,0.018264,0,0.7570
Celeb-real/id26_0008,0,0.000925,0,0.6432
Celeb-real/id27_0008,0,0.071074,0,0.5505
Celeb-real/id27_0009,0,0.957278,1,0.5011
Celeb-real/id28_0004,0,0.000024,0,0.6695
Celeb-real/id28_0009,0,0.000051,0,0.6693
Celeb-real/id29_0008,0,0.001305,0,0.6345
Celeb-real/id29_0009,0,0.000287,0,0.6215
Celeb-real/id2_0001,0,0.076408,0,0.5753
Celeb-real/id2_0002,0,0.868381,1,0.4918
Celeb-real/id2_0003,0,0.015425,0,0.5979
Celeb-real/id2_0004,0,0.003324,0,0.6594
Celeb-real/id2_0008,0,0.318273,0,0.4635
Celeb-real/id30_0007,0,0.000940,0,0.6574
Celeb-real/id31_0003,0,0.001245,0,0.4455
Celeb-real/id31_0004,0,0.022286,0,0.6529
Celeb-real/id31_0007,0,0.190724,0,0.4464
Celeb-real/id32_0002,0,0.005220,0,0.5385
Celeb-real/id32_0003,0,0.414306,0,0.6427
Celeb-real/id32_0006,0,0.836555,1,0.7645
Celeb-real/id33_0002,0,0.000217,0,0.6775
Celeb-real/id33_0008,0,0.000102,0,0.6685
Celeb-real/id35_0000,0,0.022977,0,0.7796
Celeb-real/id35_0003,0,0.948155,1,0.5823
Celeb-real/id35_0008,0,0.196209,0,0.7173
Celeb-real/id36_0000,0,0.004265,0,0.6993
Celeb-real/id36_0001,0,0.000056,0,0.6258
Celeb-real/id36_0002,0,0.008316,0,0.5410
Celeb-real/id36_0006,0,0.002591,0,0.6960
Celeb-real/id36_0008,0,0.201185,0,0.5974
Celeb-real/id37_0005,0,0.001927,0,0.4697
Celeb-real/id37_0009,0,0.004199,0,0.6523
Celeb-real/id39_0005,0,0.739422,1,0.5947
Celeb-real/id3_0001,0,0.205615,0,0.5840
Celeb-real/id3_0002,0,0.040846,0,0.5786
Celeb-real/id3_0008,0,0.025179,0,0.5294
Celeb-real/id40_0003,0,0.002397,0,0.6197
Celeb-real/id40_0009,0,0.000325,0,0.7130
Celeb-real/id42_0002,0,0.149531,0,0.6016
Celeb-real/id43_0001,0,0.973443,1,0.5844
Celeb-real/id43_0002,0,0.004905,0,0.7779
Celeb-real/id43_0006,0,0.989672,1,0.7499
Celeb-real/id44_0001,0,0.157137,0,0.4513
Celeb-real/id44_0003,0,0.925769,1,0.5854
Celeb-real/id45_0003,0,0.000374,0,0.6354
Celeb-real/id46_0000,0,0.479565,0,0.7763
Celeb-real/id48_0000,0,0.000140,0,0.8730
Celeb-real/id48_0003,0,0.952574,1,0.4441
Celeb-real/id49_0004,0,0.000055,0,0.7212
Celeb-real/id4_0004,0,0.003124,0,0.7014
Celeb-real/id50_0000,0,0.000055,0,0.6488
Celeb-real/id50_0003,0,0.001245,0,0.6768
Celeb-real/id50_0006,0,0.001897,0,0.6544
Celeb-real/id51_0001,0,0.000090,0,0.6833
Celeb-real/id51_0005,0,0.028008,0,0.6026
Celeb-real/id51_0006,0,0.000197,0,0.7573
Celeb-real/id52_0001,0,0.000011,0,0.6997
Celeb-real/id52_0002,0,0.000048,0,0.5758
Celeb-real/id53_0000,0,0.353763,0,0.5938
Celeb-real/id53_0003,0,0.938124,1,0.5306
Celeb-real/id53_0007,0,0.000154,0,0.6216
Celeb-real/id54_0007,0,0.059647,0,0.6642
Celeb-real/id56_0000,0,0.000269,0,0.6971
Celeb-real/id56_0009,0,0.047780,0,0.7081
Celeb-real/id57_0003,0,0.000025,0,0.6517
Celeb-real/id57_0007,0,0.007816,0,0.5135
Celeb-real/id58_0002,0,0.001032,0,0.6083
Celeb-real/id6_0002,0,0.013849,0,0.6436
Celeb-real/id6_0005,0,0.230920,0,0.6993
Celeb-real/id7_0006,0,0.004755,0,0.6533
Celeb-real/id8_0000,0,0.000088,0,0.6965
Celeb-real/id8_0009,0,0.049959,0,0.4162
Celeb-real/id9_0000,0,0.000163,0,0.6775
Celeb-synthesis/id0_id16_0004,1,0.006488,0,0.5583
Celeb-synthesis/id0_id16_0007,1,0.823896,1,0.5867
Celeb-synthesis/id0_id26_0009,1,0.001065,0,0.7526
Celeb-synthesis/id10_id13_0001,1,0.002473,0,0.5594
Celeb-synthesis/id10_id13_0004,1,0.083292,0,0.5563
Celeb-synthesis/id10_id7_0001,1,0.065605,0,0.5613
Celeb-synthesis/id10_id7_0005,1,0.034619,0,0.5917
Celeb-synthesis/id12_id7_0006,1,0.004755,0,0.6211
Celeb-synthesis/id13_id7_0000,1,0.000636,0,0.7249
Celeb-synthesis/id13_id7_0012,1,0.987179,1,0.4969
Celeb-synthesis/id16_id20_0006,1,0.000579,0,0.6555
Celeb-synthesis/id16_id2_0006,1,0.001264,0,0.6402
Celeb-synthesis/id16_id3_0010,1,0.000127,0,0.7660
Celeb-synthesis/id16_id6_0001,1,0.030444,0,0.6858
Celeb-synthesis/id16_id6_0011,1,0.012054,0,0.5413
Celeb-synthesis/id17_id0_0000,1,0.191933,0,0.6633
Celeb-synthesis/id17_id26_0006,1,0.009860,0,0.5517
Celeb-synthesis/id17_id28_0001,1,0.007696,0,0.6983
Celeb-synthesis/id17_id2_0007,1,0.015189,0,0.6440
Celeb-synthesis/id19_id20_0000,1,0.513425,1,0.4532
Celeb-synthesis/id1_id16_0007,1,0.000287,0,0.5790
Celeb-synthesis/id1_id20_0001,1,0.006388,0,0.5949
Celeb-synthesis/id1_id3_0003,1,0.288569,0,0.6656
Celeb-synthesis/id1_id3_0006,1,0.044019,0,0.4462
Celeb-synthesis/id1_id3_0009,1,0.199308,0,0.4930
Celeb-synthesis/id20_id1_0007,1,0.997242,1,0.5129
Celeb-synthesis/id21_id28_0009,1,0.875361,1,0.6033
Celeb-synthesis/id21_id6_0005,1,0.000351,0,0.6260
Celeb-synthesis/id22_id21_0005,1,0.045016,0,0.4050
Celeb-synthesis/id22_id27_0001,1,0.000053,0,0.7536
Celeb-synthesis/id22_id28_0006,1,0.000197,0,0.7421
Celeb-synthesis/id23_id2_0007,1,0.002801,0,0.6172
Celeb-synthesis/id23_id35_0009,1,0.004538,0,0.5865
Celeb-synthesis/id24_id26_0009,1,0.003483,0,0.5551
Celeb-synthesis/id25_id23_0010,1,0.001245,0,0.7572
Celeb-synthesis/id25_id28_0010,1,0.006193,0,0.7553
Celeb-synthesis/id26_id1_0002,1,0.991938,1,0.6190
Celeb-synthesis/id26_id2_0005,1,0.038466,0,0.5470
Celeb-synthesis/id27_id19_0001,1,0.816991,1,0.6281
Celeb-synthesis/id27_id21_0002,1,0.016657,0,0.6704
Celeb-synthesis/id27_id22_0007,1,0.471467,0,0.5413
Celeb-synthesis/id27_id24_0007,1,0.054199,0,0.5414
Celeb-synthesis/id28_id20_0008,1,0.024238,0,0.6549
Celeb-synthesis/id28_id21_0006,1,0.053010,0,0.5793
Celeb-synthesis/id28_id35_0008,1,0.124639,0,0.6870
Celeb-synthesis/id28_id4_0006,1,0.018833,0,0.5799
Celeb-synthesis/id28_id6_0006,1,0.017986,0,0.5814
Celeb-synthesis/id29_id32_0000,1,0.000544,0,0.6470
Celeb-synthesis/id29_id35_0000,1,0.000667,0,0.6473
Celeb-synthesis/id29_id37_0008,1,0.003028,0,0.6379
Celeb-synthesis/id29_id38_0008,1,0.016403,0,0.6215
Celeb-synthesis/id2_id6_0002,1,0.993512,1,0.4944
Celeb-synthesis/id30_id4_0001,1,0.001782,0,0.7348
Celeb-synthesis/id30_id6_0007,1,0.000296,0,0.6594
Celeb-synthesis/id31_id16_0002,1,0.000191,0,0.6938
Celeb-synthesis/id31_id2_0004,1,0.047426,0,0.6529
Celeb-synthesis/id31_id30_0009,1,0.076408,0,0.5552
Celeb-synthesis/id32_id31_0008,1,0.002116,0,0.5964
Celeb-synthesis/id33_id38_0001,1,0.599954,1,0.6807
Celeb-synthesis/id34_id32_0007,1,0.002116,0,0.7930
Celeb-synthesis/id34_id33_0005,1,0.737536,1,0.6017
Celeb-synthesis/id35_id16_0007,1,0.001082,0,0.6888
Celeb-synthesis/id35_id20_0007,1,0.003324,0,0.6901
Celeb-synthesis/id35_id23_0007,1,0.015544,0,0.6891
Celeb-synthesis/id35_id26_0003,1,0.961822,1,0.5811
Celeb-synthesis/id35_id32_0007,1,0.006388,0,0.6928
Celeb-synthesis/id37_id21_0005,1,0.001598,0,0.4682
Celeb-synthesis/id37_id31_0008,1,0.054601,0,0.5255
Celeb-synthesis/id37_id35_0005,1,0.002183,0,0.4697
Celeb-synthesis/id37_id38_0009,1,0.014064,0,0.6520
Celeb-synthesis/id38_id30_0006,1,0.001065,0,0.6645
Celeb-synthesis/id3_id1_0001,1,0.588653,1,0.5973
Celeb-synthesis/id3_id28_0009,1,0.967899,1,0.5496
Celeb-synthesis/id45_id39_0008,1,0.171061,0,0.7712
Celeb-synthesis/id45_id47_0002,1,0.005820,0,0.6677
Celeb-synthesis/id46_id39_0000,1,0.013637,0,0.7755
Celeb-synthesis/id47_id43_0007,1,0.042404,0,0.7378
Celeb-synthesis/id4_id0_0001,1,0.009860,0,0.6435
Celeb-synthesis/id4_id0_0004,1,0.013637,0,0.6996
Celeb-synthesis/id4_id20_0001,1,0.002183,0,0.6510
Celeb-synthesis/id4_id20_0008,1,0.302391,0,0.6589
Celeb-synthesis/id4_id26_0007,1,0.126353,0,0.6574
Celeb-synthesis/id4_id28_0006,1,0.926304,1,0.5418
Celeb-synthesis/id4_id6_0002,1,0.000458,0,0.6727
Celeb-synthesis/id4_id6_0008,1,0.045692,0,0.6509
Celeb-synthesis/id50_id49_0001,1,0.008577,0,0.7504
Celeb-synthesis/id54_id49_0003,1,0.006693,0,0.8007
Celeb-synthesis/id54_id58_0006,1,0.000755,0,0.7859
Celeb-synthesis/id6_id0_0005,1,0.909265,1,0.6934
Celeb-synthesis/id6_id16_0005,1,0.704160,1,0.6932
Celeb-synthesis/id6_id20_0007,1,0.010328,0,0.6232
Celeb-synthesis/id6_id21_0006,1,0.001305,0,0.6547
Celeb-synthesis/id6_id23_0001,1,0.000503,0,0.6587
Celeb-synthesis/id7_id11_0009,1,0.999183,1,0.5973
Celeb-synthesis/id8_id6_0002,1,0.839734,1,0.4291
Celeb-synthesis/id9_id0_0006,1,0.112795,0,0.6865
Celeb-synthesis/id9_id23_0009,1,0.009708,0,0.6726
Celeb-synthesis/id9_id2_0000,1,0.770465,1,0.6784
Celeb-synthesis/id9_id3_0000,1,0.944995,1,0.6747
Celeb-synthesis/id9_id6_0005,1,0.768038,1,0.5349
