epoch,step,loss,accuracy,minutes
1,50,0.75394,0.46,1.27
1,100,0.52887,0.72,1.84
1,150,0.44156,0.82,2.4
1,200,0.31494,0.86,2.96
1,250,0.42788,0.82,3.51
1,300,0.08799,0.95,4.07
1,350,0.44553,0.87,4.62
1,400,0.30768,0.89,5.18
1,450,0.17537,0.94,5.74
1,500,0.1151,0.95,6.29
1,550,0.09289,0.98,6.85
1,600,0.15217,0.96,7.4
1,650,0.05997,0.97,7.96
1,700,0.08188,0.96,8.51
1,750,0.27689,0.89,9.06
1,800,0.13055,0.94,9.61
1,850,0.15749,0.96,10.17
1,900,0.15382,0.95,10.72
1,950,0.07748,0.98,11.27
1,1000,0.03465,1.0,11.83
1,1050,0.01428,0.99,12.38
1,1100,0.04705,0.98,12.94
1,1150,0.155,0.96,13.5
1,1200,0.17394,0.93,14.06
1,1250,0.05496,0.98,14.62
1,1300,0.00787,1.0,15.18
1,1350,0.00196,1.0,15.74
1,1400,0.00138,1.0,16.3
1,1450,0.00058,1.0,16.87
1,1500,0.0038,1.0,17.43
1,1550,0.00065,1.0,17.99
1,1600,0.00031,1.0,18.55
1,1650,0.00015,1.0,19.11
1,1700,0.03057,0.99,19.68
1,1750,0.00665,1.0,20.24
1,1800,0.06532,0.99,20.8
1,1850,0.33141,0.9,21.37
1,1900,0.06071,0.99,21.93
1,1950,0.047,0.98,22.49
1,2000,0.14369,0.97,23.06
1,2050,0.144,0.94,23.62
1,2100,0.11723,0.96,24.18
1,2150,0.08145,0.97,24.74
1,2200,0.0485,0.99,25.31
1,2250,0.03955,0.99,25.87
1,2300,0.00804,1.0,26.43
1,2350,0.00059,1.0,27.0
1,2400,0.01345,1.0,27.56
1,2450,0.17661,0.96,28.12
1,2500,0.14285,0.97,28.68
1,2550,0.01137,1.0,29.25
1,2600,0.04205,0.99,29.81
1,2650,0.01237,1.0,30.37
1,2700,0.08791,0.95,30.93
1,2750,0.02424,0.99,31.5
1,2800,0.15671,0.97,32.06
1,2850,0.03803,0.99,32.62
1,2900,0.15932,0.93,33.19
1,2950,0.07865,0.97,33.75
1,3000,0.05311,0.98,34.32
1,3050,0.01657,1.0,34.88
1,3100,0.04967,0.97,35.45
1,3150,0.04454,0.99,36.01
1,3200,0.00192,1.0,36.57
1,3250,0.04698,0.98,37.14
1,3300,0.00854,1.0,37.7
1,3350,0.09085,0.97,38.26
1,3400,0.01055,1.0,38.82
1,3450,0.09393,0.98,39.39
1,3500,0.01616,1.0,39.95
1,3550,0.03693,0.99,40.51
1,3600,0.07938,0.98,41.08
1,3650,0.00249,1.0,41.64
1,3700,0.05782,0.97,42.2
1,3750,0.06082,0.98,42.76
1,3800,0.11493,0.97,43.32
1,3850,0.059,0.97,43.89
1,3900,0.00137,1.0,44.45
1,3950,0.0922,0.98,45.01
1,4000,0.00747,1.0,45.57
1,4050,0.01488,1.0,46.14
1,4100,0.01795,0.99,46.7
1,4150,0.00408,1.0,47.26
1,4200,0.01676,0.99,47.83
1,4250,0.0061,1.0,48.39
1,4300,0.11805,0.97,48.95
1,4350,0.03312,0.98,49.51
1,4400,0.00329,1.0,50.08
1,4450,0.00815,1.0,50.64
1,4500,0.00241,1.0,51.2
1,4550,0.00754,1.0,51.77
1,4600,0.03961,0.99,52.33
1,4650,0.0227,0.99,52.89
1,4700,0.00046,1.0,53.45
1,4750,0.00019,1.0,54.01
1,4800,0.00027,1.0,54.57
1,4850,0.00024,1.0,55.13
1,4900,0.00222,1.0,55.7
1,4950,0.00019,1.0,56.25
1,5000,0.00015,1.0,56.81
1,5050,0.00015,1.0,57.38
1,5100,0.00182,1.0,57.94
1,5150,0.00431,1.0,58.5
1,5200,0.00089,1.0,59.06
1,5250,9e-05,1.0,59.7
1,5300,0.0001,1.0,60.32
1,5350,7e-05,1.0,60.93
1,5400,0.00128,1.0,61.55
1,5450,8e-05,1.0,62.16
1,5500,4e-05,1.0,62.77
1,5539,4e-05,1.0,63.24
