clip_id,source,label,kind,control_score,score,control_logit,clip_logit,control_alpha,alpha,delta_logit,delta_alpha
000__dissolve32,original,0,dissolve32,0.9999531507492065,0.06705628335475922,9.968528690661227,-2.632812557071215,0.6401041746139526,0.6955729722976685,-12.601341247732442,0.05546879768371582
000__dissolve64,original,0,dissolve64,0.9999531507492065,0.4593186378479004,9.968528690661227,-0.1630859566243826,0.6401041746139526,0.7326823472976685,-10.131614647285609,0.09257817268371582
003__dissolve32,original,0,dissolve32,6.205048703122884e-05,0.008315779268741608,-9.687500144919667,-4.781249904049558,0.6951823234558105,0.7352864742279053,4.90625024087011,0.04010415077209473
003__dissolve64,original,0,dissolve64,6.205048703122884e-05,0.000626334163825959,-9.687500144919667,-7.374999990867301,0.6951823234558105,0.7402344346046448,2.3125001540523664,0.04505211114883423
012__dissolve32,original,0,dissolve32,9.915272676153108e-05,0.12984342873096466,-9.218750044356891,-1.9023438322198167,0.7449219226837158,0.7037760615348816,7.316406212137075,-0.04114586114883423
012__dissolve64,original,0,dissolve64,9.915272676153108e-05,0.04707418009638786,-9.218750044356891,-3.0078124046915873,0.7449219226837158,0.7180989980697632,6.210937639665304,-0.026822924613952637
015__dissolve32,original,0,dissolve32,0.003824483836069703,0.0023967307060956955,-5.5624999497533665,-6.031250068604849,0.6838542222976685,0.7506510615348816,-0.46875011885148243,0.06679683923721313
015__dissolve64,original,0,dissolve64,0.003824483836069703,0.16667540371418,-5.5624999497533665,-1.609375007011042,0.6838542222976685,0.7647135853767395,3.9531249427423245,0.08085936307907104
024__dissolve32,original,0,dissolve32,0.9916841983795166,0.0034834244288504124,4.781247193643015,-5.65624993208008,0.5625,0.6427083611488342,-10.437497125723095,0.08020836114883423
024__dissolve64,original,0,dissolve64,0.9916841983795166,0.0016743994783610106,4.781247193643015,-6.3906248955184655,0.5625,0.6726562976837158,-11.17187208916148,0.11015629768371582
026__dissolve32,original,0,dissolve32,0.003376612439751625,0.008577484637498856,-5.687499982761222,-4.750000091277185,0.6147135496139526,0.688671886920929,0.9374998914840367,0.07395833730697632
026__dissolve64,original,0,dissolve64,0.003376612439751625,0.01542455144226551,-5.687499982761222,-4.156250042114374,0.6147135496139526,0.6832031607627869,1.5312499406468474,0.06848961114883423
029__dissolve32,original,0,dissolve32,0.9944451451301575,0.022116590291261673,5.187512641823238,-3.789062431143874,0.6416667103767395,0.6582031846046448,-8.976575072967112,0.016536474227905273
029__dissolve64,original,0,dissolve64,0.9944451451301575,0.22202469408512115,5.187512641823238,-1.253906172901514,0.6416667103767395,0.6616536974906921,-6.441418814724752,0.019986987113952637
035__dissolve32,original,0,dissolve32,0.35488009452819824,0.022116590291261673,-0.5976562289461775,-3.789062431143874,0.6459635496139526,0.5979167222976685,-3.1914062021976966,-0.04804682731628418
035__dissolve64,original,0,dissolve64,0.35488009452819824,0.02262919954955578,-0.5976562289461775,-3.765625021860057,0.6459635496139526,0.5927734971046448,-3.1679687929138796,-0.05319005250930786
036__dissolve32,original,0,dissolve32,0.012624949216842651,0.0015011822106316686,-4.359375005192046,-6.500000030758851,0.568359375,0.7106771469116211,-2.1406250255668047,0.1423177719116211
036__dissolve64,original,0,dissolve64,0.012624949216842651,0.0006462032906711102,-4.359375005192046,-7.343750000075283,0.568359375,0.6812500357627869,-2.984374994883237,0.11289066076278687
044__dissolve32,original,0,dissolve32,0.9994207620620728,0.9996079802513123,7.453217812711808,7.843806243528819,0.6802083849906921,0.584179699420929,0.39058843081701156,-0.09602868556976318
044__dissolve64,original,0,dissolve64,0.9994207620620728,0.999713122844696,7.453217812711808,8.156169545823152,0.6802083849906921,0.6007161736488342,0.7029517331113446,-0.07949221134185791
047__dissolve32,original,0,dissolve32,0.06608537584543228,0.05665242671966553,-2.6484375457259133,-2.8124999735850613,0.7454427480697632,0.7972656488418579,-0.16406242785914804,0.05182290077209473
047__dissolve64,original,0,dissolve64,0.06608537584543228,0.006797531619668007,-2.6484375457259133,-4.984374989736144,0.7454427480697632,0.8144531846046448,-2.3359374440102303,0.06901043653488159
048__dissolve32,original,0,dissolve32,9.610241977497935e-05,0.011331754736602306,-9.249999955506672,-4.468749892421344,0.5581380724906921,0.6663411855697632,4.781250063085328,0.10820311307907104
048__dissolve64,original,0,dissolve64,9.610241977497935e-05,0.000954731716774404,-9.249999955506672,-6.9531249940304845,0.5581380724906921,0.6929687857627869,2.2968749614761874,0.13483071327209473
073__dissolve32,original,0,dissolve32,0.00013135180051904172,0.08819004893302917,-8.93749997370247,-2.3359374486116815,0.6451823115348816,0.6238281726837158,6.601562525090789,-0.02135413885116577
073__dissolve64,original,0,dissolve64,0.00013135180051904172,0.0541987270116806,-8.93749997370247,-2.8593750548466197,0.6451823115348816,0.6391927599906921,6.078124918855851,-0.005989551544189453
078__dissolve32,original,0,dissolve32,0.9066531658172607,0.024237636476755142,2.2734380238703644,-3.695312425407525,0.46464845538139343,0.5819661617279053,-5.96875044927789,0.11731770634651184
078__dissolve64,original,0,dissolve64,0.9066531658172607,0.5993092656135559,2.2734380238703644,0.40258787426429954,0.46464845538139343,0.5895833373069763,-1.8708501496060648,0.12493488192558289
102__dissolve32,original,0,dissolve32,0.0002531563804950565,0.02931223064661026,-8.281249967031274,-3.500000003681368,0.5934895873069763,0.6452473998069763,4.7812499633499055,0.0517578125
102__dissolve64,original,0,dissolve64,0.0002531563804950565,0.04501553252339363,-8.281249967031274,-3.0546874785257057,0.5934895873069763,0.6195312738418579,5.226562488505568,0.026041686534881592
114__dissolve32,original,0,dissolve32,0.025371313095092773,0.022977370768785477,-3.648437434458255,-3.7499999617468864,0.6481771469116211,0.7420573234558105,-0.10156252728863135,0.09388017654418945
114__dissolve64,original,0,dissolve64,0.025371313095092773,0.00041731575038284063,-3.648437434458255,-7.781250024679579,0.6481771469116211,0.7677083611488342,-4.132812590221324,0.11953121423721313
128__dissolve32,original,0,dissolve32,0.0026730059180408716,0.02228618785738945,-5.921875043043422,-3.781249893611023,0.6809896230697632,0.7584635615348816,2.1406251494323993,0.07747393846511841
128__dissolve64,original,0,dissolve64,0.0026730059180408716,0.002590979216620326,-5.921875043043422,-5.953125057195738,0.6809896230697632,0.782421886920929,-0.031250014152315764,0.10143226385116577
135__dissolve32,original,0,dissolve32,0.0002959571429528296,0.008711383678019047,-8.12499990049752,-4.734375090288557,0.6423177123069763,0.6910156607627869,3.390624810208964,0.04869794845581055
135__dissolve64,original,0,dissolve64,0.0002959571429528296,0.00023050671734381467,-8.12499990049752,-8.37500002017467,0.6423177123069763,0.7095052599906921,-0.25000011967714997,0.06718754768371582
138__dissolve32,original,0,dissolve32,0.9594592452049255,0.0001398220774717629,3.1640620801344337,-8.874999986949923,0.49075523018836975,0.5903646349906921,-12.039062067084357,0.09960940480232239
138__dissolve64,original,0,dissolve64,0.9594592452049255,0.00017952796770259738,3.1640620801344337,-8.625000009159995,0.49075523018836975,0.6110677123069763,-11.78906208929443,0.12031248211860657
141__dissolve32,original,0,dissolve32,0.9950946569442749,0.8895288705825806,5.3125128346643296,2.0859377490906015,0.7588542103767395,0.7445312738418579,-3.226575085573728,-0.014322936534881592
141__dissolve64,original,0,dissolve64,0.9950946569442749,0.9976769089698792,5.3125128346643296,6.0625308459202785,0.7588542103767395,0.7052083611488342,0.7500180112559489,-0.05364584922790527
142__dissolve32,original,0,dissolve32,0.00021654403826687485,0.08945459872484207,-8.437500053710767,-2.320312542282798,0.5416666865348816,0.6976562738418579,6.11718751142797,0.15598958730697632
142__dissolve64,original,0,dissolve64,0.00021654403826687485,0.04922211915254593,-8.437500053710767,-2.9609373727470842,0.5416666865348816,0.7139323353767395,5.476562680963683,0.1722656488418579
154__dissolve32,original,0,dissolve32,0.9999097585678101,0.9857181310653687,9.3129316539371,4.234379616480243,0.4420573115348816,0.488737016916275,-5.078552037456857,0.04667970538139343
154__dissolve64,original,0,dissolve64,0.9999097585678101,0.9843363761901855,9.3129316539371,4.140626615085662,0.4420573115348816,0.4139974117279053,-5.172305038851439,-0.02805989980697632
158__dissolve32,original,0,dissolve32,0.000626334163825959,0.0003859660937450826,-7.374999990867301,-7.859374991798422,0.7451823353767395,0.7611979842185974,-0.48437500093112096,0.01601564884185791
158__dissolve64,original,0,dissolve64,0.000626334163825959,0.1200256273150444,-7.374999990867301,-1.992187504159432,0.7451823353767395,0.7973958849906921,5.382812486707869,0.05221354961395264
161__dissolve32,original,0,dissolve32,0.0012644219677895308,0.0038844766095280647,-6.671874981667819,-5.5468749842966725,0.52734375,0.6928385496139526,1.1249999973711464,0.16549479961395264
161__dissolve64,original,0,dissolve64,0.0012644219677895308,0.00020342697098385543,-6.671874981667819,-8.5000000347682,0.52734375,0.7272135615348816,-1.8281250531003819,0.1998698115348816
169__dissolve32,original,0,dissolve32,0.9757624268531799,0.6011253595352173,3.6953151031898206,0.41015631447671896,0.6152344346046448,0.6360026597976685,-3.2851587887131015,0.02076822519302368
169__dissolve64,original,0,dissolve64,0.9757624268531799,0.00446838466450572,3.6953151031898206,-5.406249910526709,0.6152344346046448,0.6127604246139526,-9.10156501371653,-0.0024740099906921387
170__dissolve32,original,0,dissolve32,0.0015487611526623368,0.043691057711839676,-6.468749962250534,-3.0859375700928124,0.6902344226837158,0.6596354246139526,3.382812392157722,-0.030598998069763184
170__dissolve64,original,0,dissolve64,0.0015487611526623368,0.025565212592482567,-6.468749962250534,-3.6406250534203046,0.6902344226837158,0.6623698472976685,2.8281249088302296,-0.027864575386047363
176__dissolve32,original,0,dissolve32,0.6457903385162354,0.9988304972648621,0.600585895830258,6.750006446081465,0.5834635496139526,0.6685547232627869,6.149420550251207,0.08509117364883423
176__dissolve64,original,0,dissolve64,0.6457903385162354,0.995866060256958,0.600585895830258,5.484381885679998,0.5834635496139526,0.6791666746139526,4.88379598984974,0.095703125
186__dissolve32,original,0,dissolve32,0.9996017813682556,0.9728307723999023,7.828111079571371,3.578125148899931,0.6856771111488342,0.6635416746139526,-4.249985930671439,-0.022135436534881592
186__dissolve64,original,0,dissolve64,0.9996017813682556,0.9969245791435242,7.828111079571371,5.781233363512472,0.6856771111488342,0.6803385615348816,-2.0468777160588987,-0.005338549613952637
190__dissolve32,original,0,dissolve32,0.8670357465744019,0.01542455144226551,1.8749998852600347,-4.156250042114374,0.5729166865348816,0.6617187857627869,-6.031249927374409,0.08880209922790527
190__dissolve64,original,0,dissolve64,0.8670357465744019,0.06560482829809189,1.8749998852600347,-2.656250149442937,0.5729166865348816,0.6588541865348816,-4.531250034702972,0.0859375
214__dissolve32,original,0,dissolve32,0.9674102663993835,0.004681822843849659,3.3906253541465845,-5.359374931432927,0.706250011920929,0.7303385734558105,-8.750000285579512,0.024088561534881592
214__dissolve64,original,0,dissolve64,0.9674102663993835,0.8080672025680542,3.3906253541465845,1.4374999291741342,0.706250011920929,0.7266927361488342,-1.9531254249724503,0.020442724227905273
219__dissolve32,original,0,dissolve32,0.0002453695051372051,0.2913839817047119,-8.312499899740516,-0.8886718756072503,0.4755859673023224,0.6074870228767395,7.4238280241332655,0.13190105557441711
219__dissolve64,original,0,dissolve64,0.0002453695051372051,0.0013458605390042067,-8.312499899740516,-6.609374897543095,0.4755859673023224,0.6182292103767395,1.703125002197421,0.14264324307441711
220__dissolve32,original,0,dissolve32,0.00015843621804378927,0.001098731067031622,-8.750000006683475,-6.812500005369379,0.5874349474906921,0.6845052242279053,1.9375000013140964,0.09707027673721313
220__dissolve64,original,0,dissolve64,0.00015843621804378927,0.02145073190331459,-8.750000006683475,-3.8203123700453725,0.5874349474906921,0.6725260615348816,4.929687636638103,0.08509111404418945
227__dissolve32,original,0,dissolve32,0.0012644219677895308,0.00013135180051904172,-6.671874981667819,-8.93749997370247,0.6243489980697632,0.7985677719116211,-2.2656249920346516,0.1742187738418579
227__dissolve64,original,0,dissolve64,0.0012644219677895308,0.00012339458044152707,-6.671874981667819,-8.999999963889458,0.6243489980697632,0.8170573115348816,-2.328124982221639,0.1927083134651184
233__dissolve32,original,0,dissolve32,0.7766229510307312,0.000626334163825959,1.2460938238655346,-7.374999990867301,0.8220052719116211,0.7781250476837158,-8.621093814732836,-0.04388022422790527
233__dissolve64,original,0,dissolve64,0.7766229510307312,5.6497930927434936e-05,1.2460938238655346,-9.781250041708804,0.8220052719116211,0.8415365219116211,-11.027343865574338,0.01953125
249__dissolve32,original,0,dissolve32,3.76364441763144e-05,4.539786823443137e-05,-10.187500079836793,-10.000000010309389,0.739453136920929,0.7114583849906921,0.18750006952740428,-0.027994751930236816
249__dissolve64,original,0,dissolve64,3.76364441763144e-05,8.220189192797989e-05,-10.187500079836793,-9.406250034740847,0.739453136920929,0.7209635972976685,0.7812500450959465,-0.018489539623260498
000_003__dissolve32,Deepfakes,1,dissolve32,0.9998313188552856,0.6340903043746948,8.687331647428426,0.5498048105229115,0.6546875238418579,0.714062511920929,-8.137526836905515,0.059374988079071045
000_003__dissolve64,Deepfakes,1,dissolve64,0.9998313188552856,0.5125095844268799,8.687331647428426,0.05004878227663309,0.6546875238418579,0.7166666984558105,-8.637282865151793,0.06197917461395264
003_000__dissolve32,Deepfakes,1,dissolve32,0.9912885427474976,0.9224823713302612,4.734366570317044,2.4765628888640174,0.7033854722976685,0.7213541865348816,-2.2578036814530265,0.017968714237213135
003_000__dissolve64,Deepfakes,1,dissolve64,0.9912885427474976,0.9284088015556335,4.734366570317044,2.5625000150481076,0.7033854722976685,0.7326823472976685,-2.1718665552689362,0.029296875
012_026__dissolve32,Deepfakes,1,dissolve32,0.001098731067031622,0.802555501461029,-6.812500005369379,1.4023434885199835,0.7481771111488342,0.7049479484558105,8.214843493889362,-0.04322916269302368
012_026__dissolve64,Deepfakes,1,dissolve64,0.001098731067031622,0.268557608127594,-6.812500005369379,-1.0019530175925517,0.7481771111488342,0.7619792222976685,5.810546987776827,0.013802111148834229
015_919__dissolve32,Deepfakes,1,dissolve32,0.9990600943565369,0.9941800832748413,6.968790719401355,5.140632407294835,0.6860677599906921,0.6990885734558105,-1.8281583121065195,0.013020813465118408
015_919__dissolve64,Deepfakes,1,dissolve64,0.9990600943565369,0.966156005859375,6.968790719401355,3.351563759988833,0.6860677599906921,0.6958333849906921,-3.617226959412522,0.009765625
024_073__dissolve32,Deepfakes,1,dissolve32,0.9999517202377319,0.99935382604599,9.93844980484443,7.343795428963018,0.5561197996139526,0.6360677480697632,-2.5946543758814116,0.07994794845581055
024_073__dissolve64,Deepfakes,1,dissolve64,0.9999517202377319,0.9916841983795166,9.93844980484443,4.781247193643015,0.5561197996139526,0.6489583849906921,-5.157202611201415,0.0928385853767395
026_012__dissolve32,Deepfakes,1,dissolve32,0.9961155652999878,0.9798226952552795,5.546885815401489,3.8828131867992246,0.6156250238418579,0.6912760734558105,-1.6640726286022645,0.07565104961395264
026_012__dissolve64,Deepfakes,1,dissolve64,0.9961155652999878,0.8601343035697937,5.546885815401489,1.8164058930333855,0.6156250238418579,0.7079427242279053,-3.7304799223681036,0.09231770038604736
029_048__dissolve32,Deepfakes,1,dissolve32,0.9998601675033569,0.9986329674720764,8.874925461951149,6.593744958638092,0.6811197996139526,0.7425781488418579,-2.281180503313057,0.06145834922790527
029_048__dissolve64,Deepfakes,1,dissolve64,0.9998601675033569,0.9529258608818054,8.874925461951149,3.007813318197005,0.6811197996139526,0.7565104365348816,-5.867112143754143,0.07539063692092896
035_036__dissolve32,Deepfakes,1,dissolve32,0.999220609664917,0.8774768114089966,7.15621887137695,1.9687502225548699,0.6755208969116211,0.6319010853767395,-5.1874686488220805,-0.04361981153488159
035_036__dissolve64,Deepfakes,1,dissolve64,0.999220609664917,0.8175744414329529,7.15621887137695,1.4999997669358691,0.6755208969116211,0.6652995347976685,-5.656219104441081,-0.010221362113952637
036_035__dissolve32,Deepfakes,1,dissolve32,0.9462003111839294,0.8629302382469177,2.8671866090114317,1.8398438453843733,0.6032552123069763,0.686718761920929,-1.0273427636270585,0.08346354961395264
036_035__dissolve64,Deepfakes,1,dissolve64,0.9462003111839294,0.9268352389335632,2.8671866090114317,2.5390619151328493,0.6032552123069763,0.7093750238418579,-0.32812469387858245,0.10611981153488159
000_003__dissolve32,Face2Face,1,dissolve32,0.9999485015869141,0.9984752535820007,9.873908064895456,6.484401256001753,0.6428385972976685,0.6861979365348816,-3.389506808893703,0.043359339237213135
000_003__dissolve64,Face2Face,1,dissolve64,0.9999485015869141,0.9898303151130676,9.873908064895456,4.5781223045511314,0.6428385972976685,0.6869791746139526,-5.295785760344325,0.04414057731628418
003_000__dissolve32,Face2Face,1,dissolve32,0.999841570854187,0.9845753908157349,8.75004465246846,4.15624623996238,0.6648437976837158,0.7095052599906921,-4.5937984125060805,0.04466146230697632
003_000__dissolve64,Face2Face,1,dissolve64,0.999841570854187,0.9950177073478699,8.75004465246846,5.296870376318152,0.6648437976837158,0.7167969346046448,-3.4531742761503086,0.051953136920928955
012_026__dissolve32,Face2Face,1,dissolve32,0.3916385769844055,0.9976032376289368,-0.4404297341020347,6.031236825217507,0.7417969107627869,0.6919271349906921,6.471666559319541,-0.04986977577209473
012_026__dissolve64,Face2Face,1,dissolve64,0.3916385769844055,0.9618217349052429,-0.4404297341020347,3.2265627496360905,0.7417969107627869,0.7479166984558105,3.666992483738125,0.006119787693023682
015_919__dissolve32,Face2Face,1,dissolve32,0.9953181147575378,0.6428809762001038,5.3593615409839055,0.5878904738910025,0.6834635734558105,0.7001302242279053,-4.771471067092903,0.016666650772094727
015_919__dissolve64,Face2Face,1,dissolve64,0.9953181147575378,0.555917501449585,5.3593615409839055,0.22460955183545847,0.6834635734558105,0.7197917103767395,-5.134751989148447,0.036328136920928955
024_073__dissolve32,Face2Face,1,dissolve32,0.9998977184295654,0.9947799444198608,9.18767876658923,5.250013501937632,0.5757812857627869,0.6678385734558105,-3.9376652646515975,0.09205728769302368
024_073__dissolve64,Face2Face,1,dissolve64,0.9998977184295654,0.9838472008705139,9.18767876658923,4.10937724596474,0.5757812857627869,0.6861979365348816,-5.078301520624489,0.11041665077209473
026_012__dissolve32,Face2Face,1,dissolve32,0.9989182949066162,0.03541072458028793,6.828134402096256,-3.304687660906017,0.6092448234558105,0.6776041984558105,-10.132822063002273,0.068359375
026_012__dissolve64,Face2Face,1,dissolve64,0.9989182949066162,0.0032224839087575674,6.828134402096256,-5.734375129275211,0.6092448234558105,0.6722656488418579,-12.562509531371468,0.06302082538604736
029_048__dissolve32,Face2Face,1,dissolve32,0.9978172779083252,0.9273632764816284,6.124997407508598,2.546874745287618,0.6449218988418579,0.6811197996139526,-3.57812266222098,0.03619790077209473
029_048__dissolve64,Face2Face,1,dissolve64,0.9978172779083252,0.8494724035263062,6.124997407508598,1.730469022382247,0.6449218988418579,0.7295573353767395,-4.3945283851263515,0.08463543653488159
035_036__dissolve32,Face2Face,1,dissolve32,0.9477691650390625,0.845432698726654,2.898437947257429,1.6992189573574665,0.6519531607627869,0.6636719107627869,-1.1992189898999623,0.01171875
035_036__dissolve64,Face2Face,1,dissolve64,0.9477691650390625,0.2934044897556305,2.898437947257429,-0.8789062127785818,0.6519531607627869,0.6592448353767395,-3.7773441600360105,0.007291674613952637
036_035__dissolve32,Face2Face,1,dissolve32,0.9991306662559509,0.2845759987831116,7.046913739303098,-0.9218750266876979,0.6250651478767395,0.6910156607627869,-7.968788765990796,0.06595051288604736
036_035__dissolve64,Face2Face,1,dissolve64,0.9991306662559509,0.9118099808692932,7.046913739303098,2.335937819229473,0.6250651478767395,0.7184896469116211,-4.710975920073625,0.09342449903488159
000_003__dissolve32,FaceSwap,1,dissolve32,0.9999772310256958,0.999931812286377,10.690088955598592,9.593177971460433,0.6341146230697632,0.6859375238418579,-1.0969109841381588,0.05182290077209473
000_003__dissolve64,FaceSwap,1,dissolve64,0.9999772310256958,0.9998977184295654,10.690088955598592,9.18767876658923,0.6341146230697632,0.7093750238418579,-1.5024101890093622,0.07526040077209473
003_000__dissolve32,FaceSwap,1,dissolve32,0.9999827146530151,0.9999732971191406,10.96563412496179,10.530712397786315,0.6850260496139526,0.7105469107627869,-0.4349217271754746,0.02552086114883423
003_000__dissolve64,FaceSwap,1,dissolve64,0.9999827146530151,0.9996259212493896,10.96563412496179,7.890670070850244,0.6850260496139526,0.7266927361488342,-3.074964054111546,0.04166668653488159
012_026__dissolve32,FaceSwap,1,dissolve32,0.9999816417694092,0.9999531507492065,10.905414192066008,9.968528690661227,0.7483073472976685,0.7243490219116211,-0.936885501404781,-0.023958325386047363
012_026__dissolve64,FaceSwap,1,dissolve64,0.9999816417694092,0.9993333220481873,10.905414192066008,7.312536559234079,0.7483073472976685,0.7455729842185974,-3.5928776328319287,-0.002734363079071045
015_919__dissolve32,FaceSwap,1,dissolve32,0.9999772310256958,0.9999417066574097,10.690088955598592,9.749964368362157,0.6856771111488342,0.7006510496139526,-0.9401245872364346,0.014973938465118408
015_919__dissolve64,FaceSwap,1,dissolve64,0.9999772310256958,0.9980732202529907,10.690088955598592,6.2499765560939995,0.6856771111488342,0.7158854603767395,-4.440112399504592,0.030208349227905273
024_073__dissolve32,FaceSwap,1,dissolve32,0.9999749660491943,0.999929666519165,10.595252587897113,9.562192280024627,0.5645833611488342,0.6331380605697632,-1.0330603078724856,0.06855469942092896
024_073__dissolve64,FaceSwap,1,dissolve64,0.9999749660491943,0.9970190525054932,10.595252587897113,5.812528678455906,0.5645833611488342,0.6628906726837158,-4.782723909441207,0.09830731153488159
026_012__dissolve32,FaceSwap,1,dissolve32,0.9998601675033569,0.963230550289154,8.874925461951149,3.265625462053195,0.6109375357627869,0.6619791984558105,-5.609299999897954,0.05104166269302368
026_012__dissolve64,FaceSwap,1,dissolve64,0.9998601675033569,0.6959583163261414,8.874925461951149,0.8281249588502014,0.6109375357627869,0.6770833730697632,-8.046800503100947,0.06614583730697632
029_048__dissolve32,FaceSwap,1,dissolve32,0.9999847412109375,0.9998910427093506,11.090339630053647,9.124445618197665,0.6723958849906921,0.6389974355697632,-1.9658940118559816,-0.033398449420928955
029_048__dissolve64,FaceSwap,1,dissolve64,0.9999847412109375,0.9997765421867371,11.090339630053647,8.406064433919095,0.6723958849906921,0.6742187738418579,-2.6842751961345517,0.0018228888511657715
035_036__dissolve32,FaceSwap,1,dissolve32,0.9997468590736389,0.7620701193809509,8.281311030153482,1.1640625606230188,0.6502604484558105,0.6273437738418579,-7.117248469530463,-0.022916674613952637
035_036__dissolve64,FaceSwap,1,dissolve64,0.9997468590736389,0.004829722456634045,8.281311030153482,-5.328124852107542,0.6502604484558105,0.6423828601837158,-13.609435882261025,-0.007877588272094727
036_035__dissolve32,FaceSwap,1,dissolve32,0.9998840093612671,0.9957352876663208,9.06188507332657,5.45310671629658,0.6139323115348816,0.6839843988418579,-3.6087783570299896,0.07005208730697632
036_035__dissolve64,FaceSwap,1,dissolve64,0.9998840093612671,0.9979810118675232,9.06188507332657,6.203137788553536,0.6139323115348816,0.6979166865348816,-2.8587472847730337,0.083984375
000_003__dissolve32,NeuralTextures,1,dissolve32,0.9998977184295654,0.5774953961372375,9.18767876658923,0.31250012685298273,0.682812511920929,0.6963542103767395,-8.875178639736246,0.013541698455810547
000_003__dissolve64,NeuralTextures,1,dissolve64,0.9998977184295654,0.8656789064407349,9.18767876658923,1.8632809078413772,0.682812511920929,0.7063802480697632,-7.324397858747853,0.02356773614883423
003_000__dissolve32,NeuralTextures,1,dissolve32,0.6491339206695557,0.14463144540786743,0.6152344343850105,-1.7773436831931193,0.6670573353767395,0.7092448472976685,-2.3925781175781298,0.042187511920928955
003_000__dissolve64,NeuralTextures,1,dissolve64,0.6491339206695557,0.46150216460227966,0.6152344343850105,-0.154296732605446,0.6670573353767395,0.7171875238418579,-0.7695311669904564,0.05013018846511841
012_026__dissolve32,NeuralTextures,1,dissolve32,0.956308901309967,0.9167081117630005,3.0859365893348634,2.398437949479805,0.7552083730697632,0.6949219107627869,-0.6874986398550584,-0.06028646230697632
012_026__dissolve64,NeuralTextures,1,dissolve64,0.956308901309967,0.7620701193809509,3.0859365893348634,1.1640625606230188,0.7552083730697632,0.7148438096046448,-1.9218740287118445,-0.04036456346511841
015_919__dissolve32,NeuralTextures,1,dissolve32,0.7606506943702698,0.7102264761924744,1.1562502290052763,0.8964842342341576,0.6821615099906921,0.6996093988418579,-0.2597659947711187,0.01744788885116577
015_919__dissolve64,NeuralTextures,1,dissolve64,0.7606506943702698,0.9385759830474854,1.1562502290052763,2.7265629007234664,0.6821615099906921,0.7165365219116211,1.5703126717181901,0.034375011920928955
024_073__dissolve32,NeuralTextures,1,dissolve32,0.9821512699127197,0.20497773587703705,4.007812977046996,-1.3554687516857726,0.5777344107627869,0.6700521111488342,-5.363281728732768,0.09231770038604736
024_073__dissolve64,NeuralTextures,1,dissolve64,0.9821512699127197,0.6761924028396606,4.007812977046996,0.7363281516547274,0.5777344107627869,0.6908854246139526,-3.2714848253922684,0.11315101385116577
026_012__dissolve32,NeuralTextures,1,dissolve32,0.5048025846481323,0.4184592664241791,0.019210929402552177,-0.32910146577428995,0.6180989742279053,0.6813802719116211,-0.34831239517684215,0.06328129768371582
026_012__dissolve64,NeuralTextures,1,dissolve64,0.5048025846481323,0.013636834919452667,0.019210929402552177,-4.281250026911059,0.6180989742279053,0.6829427480697632,-4.300460956313612,0.06484377384185791
029_048__dissolve32,NeuralTextures,1,dissolve32,0.986151397228241,0.957912266254425,4.2656255450613045,3.1249998553947576,0.6346354484558105,0.6238932609558105,-1.140625689666547,-0.0107421875
029_048__dissolve64,NeuralTextures,1,dissolve64,0.986151397228241,0.9674102663993835,4.2656255450613045,3.3906253541465845,0.6346354484558105,0.6340495347976685,-0.87500019091472,-0.0005859136581420898
035_036__dissolve32,NeuralTextures,1,dissolve32,0.9473810195922852,0.5240293145179749,2.890624457173793,0.09619135927966027,0.6519531607627869,0.6480469107627869,-2.7944330978941325,-0.00390625
035_036__dissolve64,NeuralTextures,1,dissolve64,0.9473810195922852,0.3081902265548706,2.890624457173793,-0.8085938129517114,0.6519531607627869,0.6576822996139526,-3.6992182701255043,0.0057291388511657715
