clip_id,source,label,kind,delta_logit,bg_jump,face_jump,resid_jump
000__hard_cut,original,0,hard_cut,-1.039302522452096,46.32496785945263,7.6445937947571245,-1.2092703688063247
000__dissolve32,original,0,dissolve32,-0.5078468402952483,5.599722991791638,1.477654175947836,0.8186967829285806
000__dissolve64,original,0,dissolve64,1.2840149155193545,2.75978324107708,1.1766327020916463,0.8945132441168924
003__dissolve32,original,0,dissolve32,-0.7987353243220259,3.748094479379317,1.8129458233984954,1.2230779009415924
003__dissolve64,original,0,dissolve64,0.6094462152390445,2.023922877050067,1.400491052646135,1.2084829232049403
012__dissolve32,original,0,dissolve32,3.286254068442138,4.519864752945619,2.298526621213281,1.8105313831529652
012__dissolve64,original,0,dissolve64,3.2642473069384383,2.669481106624788,1.7582070189516295,1.5351269888034444
015__dissolve32,original,0,dissolve32,2.58487176180963,1.9621821039021479,1.7980458461652011,1.678891935370602
015__dissolve64,original,0,dissolve64,3.951874228570146,1.5087557996846532,1.4846467641228782,1.4653580989447124
024__dissolve32,original,0,dissolve32,-2.773027256133163,9.462408592880715,1.6912377970480543,0.7721387781439983
024__dissolve64,original,0,dissolve64,-2.1768873246744054,5.847746735613238,1.7756251818715016,1.2241147449431231
026__dissolve32,original,0,dissolve32,6.246171667186442,8.467232335948191,1.7133161810870203,1.1469590293111966
026__dissolve64,original,0,dissolve64,5.119353882555851,5.679270977193185,1.5404238542507869,1.2333384633552853
029__dissolve32,original,0,dissolve32,-1.5096715863327432,4.4240613181468635,2.209686213268035,1.3051569302704122
029__dissolve64,original,0,dissolve64,1.5552118962410555,2.8023563023759595,1.3589940563045884,0.8629472561844195
035__dissolve32,original,0,dissolve32,-3.1938171884891613,2.20943381554315,1.4548370758737863,-0.21168773328700405
035__dissolve64,original,0,dissolve64,-3.9430053010734545,1.5136449408160322,1.2166653551398108,0.5914409408211191
036__dissolve32,original,0,dissolve32,-1.5533503980640422,2.099271972610279,1.4073614681346585,0.9173208829528334
036__dissolve64,original,0,dissolve64,0.0568035357687906,1.4114739483746717,1.20723428136324,1.0286353065656642
044__dissolve32,original,0,dissolve32,1.393747194089359,7.150152495942241,1.3557946234488347,0.410017522732961
044__dissolve64,original,0,dissolve64,0.9913899654944007,3.839486289406255,1.2749818984803813,0.7814660684333384
047__dissolve32,original,0,dissolve32,-2.4943660634103586,4.222070726233775,2.0680143813178313,1.2227431372469155
047__dissolve64,original,0,dissolve64,-1.4033077026901672,3.0618524824133777,1.2823311016770942,0.7540269831485885
048__dissolve32,original,0,dissolve32,3.0766778330363795,2.639583639691284,1.3939967998351024,0.38231654493142464
048__dissolve64,original,0,dissolve64,3.324201624746844,1.774598205343204,1.149487270116403,0.6370708334440979
073__dissolve32,original,0,dissolve32,2.4762152304795446,14.161411325738552,1.7425670810325853,0.7725687352777834
073__dissolve64,original,0,dissolve64,4.649619113302236,6.950330911032381,1.6637648645731509,1.122251821759119
078__dissolve32,original,0,dissolve32,1.4341598048432296,2.2927796096803292,3.3660142535802007,4.169033570344157
078__dissolve64,original,0,dissolve64,3.281864430404706,1.5701827888482125,2.4396937608491767,3.3260812275833214
102__dissolve32,original,0,dissolve32,5.447664335624338,2.8178056181607514,2.3892604446803425,2.0617156507495418
102__dissolve64,original,0,dissolve64,5.155346122277542,1.9541572992306102,1.5362124577572567,1.2496056652442118
114__dissolve32,original,0,dissolve32,2.948661478094917,3.0487468769343335,1.8088533139294363,0.8821939605534275
114__dissolve64,original,0,dissolve64,3.5010494268373673,1.8451885571004532,1.2646704362081382,0.8585186506518967
128__dissolve32,original,0,dissolve32,5.443392566635829,7.97064241272811,1.4780825966046423,0.8192339172259852
128__dissolve64,original,0,dissolve64,6.7196102090838234,13.515385106743926,1.1818120920435402,0.6354822670056068
135__dissolve32,original,0,dissolve32,2.6687492437184632,11.36540454562632,2.1865481717201223,1.5278029771825008
135__dissolve64,original,0,dissolve64,4.795366905284028,6.354737177927634,1.4441959484483238,1.0931488385993775
138__dissolve32,original,0,dissolve32,2.8048753581952317,2.5499725762793344,2.0768074680018067,1.9341452237274275
138__dissolve64,original,0,dissolve64,3.96819445246492,1.7231170646433065,1.30280661907084,1.189009807744672
141__dissolve32,original,0,dissolve32,1.9937637499041099,2.6540612556312437,2.0709192614382927,1.881587435403392
141__dissolve64,original,0,dissolve64,3.6085346464987227,2.2083630018951417,1.3289261389825684,1.1038974926771523
142__dissolve32,original,0,dissolve32,-3.153448553290797,2.778904198215556,2.0772871168302958,1.705434476264191
142__dissolve64,original,0,dissolve64,-2.3088965443742007,1.9712292693435833,1.3952010832757735,1.1307513396559143
154__dissolve32,original,0,dissolve32,2.1202636079360087,14.109881049475696,2.2453531157114757,1.7600081790337885
154__dissolve64,original,0,dissolve64,4.5670754248142575,7.790679633095366,1.3106054052951843,1.0580995926693204
158__dissolve32,original,0,dissolve32,-3.187136756531351,4.069555061834129,2.1695768390669836,1.750420161544095
158__dissolve64,original,0,dissolve64,-2.7526506530484562,5.037605168719785,1.3714840450661594,0.9735532612715107
161__dissolve32,original,0,dissolve32,3.086171559412869,4.27254090507573,1.937308599999382,1.371107852891316
161__dissolve64,original,0,dissolve64,5.021872605695867,2.5583716716577976,1.1618337872102142,0.8722856775229785
169__dissolve32,original,0,dissolve32,2.3777605210998125,8.257609067194407,1.6676335246946363,0.6183730159074444
169__dissolve64,original,0,dissolve64,5.612722210895427,4.840560020071783,1.4564440940086631,0.8781606251430181
170__dissolve32,original,0,dissolve32,4.714811139872628,2.674485087308452,1.2880647147418873,-0.4279021235615842
170__dissolve64,original,0,dissolve64,5.817654041508771,1.4492499591627088,1.5037501487013805,1.686234801573791
176__dissolve32,original,0,dissolve32,5.965674437986175,1.8380826217363737,2.124696476942544,2.361108428256721
176__dissolve64,original,0,dissolve64,7.339839476481137,1.0872321204829254,1.4580400339443662,1.8675436774848375
186__dissolve32,original,0,dissolve32,-2.970744930078531,13.704200950417707,1.6521177518107468,0.882830742579236
186__dissolve64,original,0,dissolve64,-3.257124992118928,8.964146642254894,1.54804984997631,1.109772715331487
190__dissolve32,original,0,dissolve32,-1.4751217638532796,32.54238858338495,1.424483779879615,-0.4376771418038159
190__dissolve64,original,0,dissolve64,-2.3004006488148474,17.107472732732784,1.1159944705977989,0.2374220869128467
214__dissolve32,original,0,dissolve32,1.4569702464728662,3.942904202901171,1.47684710202937,0.9255194800481829
214__dissolve64,original,0,dissolve64,1.500842648352867,2.181710934352208,1.046083089522247,0.7998342236793853
219__dissolve32,original,0,dissolve32,3.0671248859863836,3.09094328755417,1.863473901398018,1.351597752678463
219__dissolve64,original,0,dissolve64,4.499736377727038,2.6221772688678144,1.268704483138066,0.8227448630926542
220__dissolve32,original,0,dissolve32,-0.2407090764782165,1.9665405730384509,2.577135244116286,4.048434098699883
220__dissolve64,original,0,dissolve64,0.20774553854566236,1.3811965747104815,1.6625274735941211,2.19490775370222
227__dissolve32,original,0,dissolve32,-0.6032545311222224,11.066224913675311,1.7614538695767659,1.1519333112878318
227__dissolve64,original,0,dissolve64,-0.5725261446357717,6.528103048752009,1.203948101791775,0.9198268980116706
233__dissolve32,original,0,dissolve32,1.6010845644988234,5.1727226193717835,1.671627330482459,1.1377224501755732
233__dissolve64,original,0,dissolve64,2.5647041738913607,3.0904540080038463,1.122424932489373,0.8553592146206849
249__dissolve32,original,0,dissolve32,4.8438786441072645,7.363502088165632,2.0417389897054723,1.198998260726609
249__dissolve64,original,0,dissolve64,5.104410852027405,4.6113845504791104,1.5276286629698193,1.0984881709538215
000_003__dissolve32,Deepfakes,1,dissolve32,-0.9356050216492076,5.456972877880719,1.5607199334038924,0.7863716930185907
000_003__dissolve64,Deepfakes,1,dissolve64,-1.4057047648489096,2.6475252626717323,1.2945150120999946,0.9558237199864885
003_000__dissolve32,Deepfakes,1,dissolve32,-1.3397327338777019,3.9722989135965925,1.9760041608105312,1.5733237421227975
003_000__dissolve64,Deepfakes,1,dissolve64,-1.6524258123387021,1.8065206757454721,1.3017626661059556,1.1706453263875947
012_026__dissolve32,Deepfakes,1,dissolve32,1.6755215237634964,4.616296209117894,2.5242884811409847,2.0585780496400465
012_026__dissolve64,Deepfakes,1,dissolve64,1.6720922417088238,2.7055303496048313,1.876221999219095,1.6821780969758275
015_919__dissolve32,Deepfakes,1,dissolve32,0.7464953067336619,1.8720193202836277,1.1958242107025847,0.598822852063238
015_919__dissolve64,Deepfakes,1,dissolve64,0.5010608843352422,1.5236488179957945,1.05038463302606,0.642804805471884
024_073__dissolve32,Deepfakes,1,dissolve32,-0.0494111088320075,9.163385283514538,1.6636710912669128,0.6813706711955749
024_073__dissolve64,Deepfakes,1,dissolve64,0.26654082643849897,5.635537551164962,1.9204162268539164,1.3231272529085996
026_012__dissolve32,Deepfakes,1,dissolve32,-1.1092093659317364,8.617367747968753,1.7610144980736748,1.1444197103793676
026_012__dissolve64,Deepfakes,1,dissolve64,-0.9347323666971317,5.6903799221432045,1.536714108355033,1.2013274193580215
029_048__dissolve32,Deepfakes,1,dissolve32,-0.4366919805441114,12.268455346483195,2.26672298185283,1.7473846190793765
029_048__dissolve64,Deepfakes,1,dissolve64,-0.5665842648496096,6.065217292275618,1.6078912446663325,1.3492361484276696
035_036__dissolve32,Deepfakes,1,dissolve32,-3.5558626149930586,2.2041016486261857,1.6282204351421852,-0.050748748402380216
035_036__dissolve64,Deepfakes,1,dissolve64,-2.9819436589650037,1.5230683143984092,1.2241155122422238,0.5474215295162097
036_035__dissolve32,Deepfakes,1,dissolve32,4.677356445060415,2.0861305968205426,1.7292899441592893,1.1683800931353454
036_035__dissolve64,Deepfakes,1,dissolve64,4.183476314474329,1.3973307300737587,1.4253578307439396,1.4759882162842466
000_003__dissolve32,Face2Face,1,dissolve32,-4.35132120933157,5.628928414282247,1.5512625981129677,0.7435154448120274
000_003__dissolve64,Face2Face,1,dissolve64,-2.364401607548908,2.7712956303535905,1.1801714758405555,0.834032078252936
003_000__dissolve32,Face2Face,1,dissolve32,-2.994548963261832,3.965767238355902,2.2608353798784444,1.863816254430861
003_000__dissolve64,Face2Face,1,dissolve64,-3.2239589651081015,1.8118776003868056,1.253167777958269,1.1146135749895691
012_026__dissolve32,Face2Face,1,dissolve32,2.402290923974847,4.452269897461935,2.734074305920567,2.207695693464089
012_026__dissolve64,Face2Face,1,dissolve64,0.6733942471216607,2.6473017267480436,1.9693940099696843,1.7595162208747404
015_919__dissolve32,Face2Face,1,dissolve32,-1.4363911114062482,1.8720656146088215,1.362096225248353,0.3579556520638536
015_919__dissolve64,Face2Face,1,dissolve64,-0.6750020371567467,1.5135239205258653,1.1510482433245617,0.5429569815179214
024_073__dissolve32,Face2Face,1,dissolve32,-1.1297605644552373,9.577189466099101,1.5107844568916877,0.4642996912328004
024_073__dissolve64,Face2Face,1,dissolve64,-2.194025992388724,5.824353404082153,1.6032417394828664,1.01713770571678
026_012__dissolve32,Face2Face,1,dissolve32,-1.0584543957453345,8.438879450444258,1.7908129566757671,1.1674364046322028
026_012__dissolve64,Face2Face,1,dissolve64,-0.5510416846143862,5.708561377727783,1.701904595971819,1.332845619663427
029_048__dissolve32,Face2Face,1,dissolve32,-2.07705465429332,12.346562100767576,2.6916664924295333,1.9550319390943345
029_048__dissolve64,Face2Face,1,dissolve64,-0.8633262794322558,6.010501227887807,2.058067422693164,1.724372209312485
035_036__dissolve32,Face2Face,1,dissolve32,-2.8057783699199392,2.1853990550535176,1.712043148330723,-0.9106105132115551
035_036__dissolve64,Face2Face,1,dissolve64,-1.5094640869760783,1.510586090056736,1.3169587584132472,0.4788780814954778
036_035__dissolve32,Face2Face,1,dissolve32,-5.717956166691458,2.082851025317879,1.731310551821736,1.2857388880636786
036_035__dissolve64,Face2Face,1,dissolve64,-6.039919615630499,1.396877005723645,1.2006067795832802,0.9772453493781705
000_003__dissolve32,FaceSwap,1,dissolve32,-0.14281245162104206,5.581477950068204,1.383849187799706,0.7931306654680035
000_003__dissolve64,FaceSwap,1,dissolve64,-0.2721678791494977,2.7359741864050307,1.0559150469453908,0.7860271517705951
003_000__dissolve32,FaceSwap,1,dissolve32,-0.29660070898301605,3.9697869433029385,1.7462096487369818,1.41481508323863
003_000__dissolve64,FaceSwap,1,dissolve64,-0.6657617928646271,1.8044022547590182,1.091491311168617,0.9709210091718972
012_026__dissolve32,FaceSwap,1,dissolve32,-0.5960359313008228,4.5715549467653815,2.033337384386796,1.5773730577279752
012_026__dissolve64,FaceSwap,1,dissolve64,0.37498370849611895,2.6914739831708077,1.489262979728926,1.267994580671
015_919__dissolve32,FaceSwap,1,dissolve32,1.9991806662604699,1.845191954562407,1.1020052128982603,0.5307016740569606
015_919__dissolve64,FaceSwap,1,dissolve64,1.7894296963472742,1.5060657106367514,0.9835558877549972,0.6114277612507006
024_073__dissolve32,FaceSwap,1,dissolve32,-0.4605201343016816,9.233944365356937,1.6011905002353624,0.716652263472096
024_073__dissolve64,FaceSwap,1,dissolve64,-1.4026701344127215,5.652356560408926,1.7833199160075637,1.2646221791680086
026_012__dissolve32,FaceSwap,1,dissolve32,-3.5606216917504963,8.509878070152473,1.7020279276782775,1.076269490660985
026_012__dissolve64,FaceSwap,1,dissolve64,-3.54724936279616,5.646415522934438,1.6338862888899368,1.2947746790718038
029_048__dissolve32,FaceSwap,1,dissolve32,-0.1649575449265459,4.385839501413304,1.742258485812487,1.144098188833601
029_048__dissolve64,FaceSwap,1,dissolve64,-0.5595053888303081,2.1471172355797923,1.2405831366924478,0.9858530292625407
035_036__dissolve32,FaceSwap,1,dissolve32,-0.9782984444232314,2.211781959932413,1.4745834213184335,0.07793318010849312
035_036__dissolve64,FaceSwap,1,dissolve64,-0.22944248680445067,1.5275520821913386,1.2150079268421572,0.6849034589519593
036_035__dissolve32,FaceSwap,1,dissolve32,-2.13481457304344,2.087297991518545,1.6275632073001862,1.1280663000711955
036_035__dissolve64,FaceSwap,1,dissolve64,0.3350660737564195,1.401048926805755,1.1962511800791826,0.9676141823789205
000_003__dissolve32,NeuralTextures,1,dissolve32,-1.5798331219133885,5.527884099120093,1.5632625635880757,0.8215635675975025
000_003__dissolve64,NeuralTextures,1,dissolve64,-1.2279614524872224,2.7300742537640486,1.2559510858769054,0.935165313852855
003_000__dissolve32,NeuralTextures,1,dissolve32,-3.072938345888188,3.956787262279442,2.2404991413964837,1.8435987598361818
003_000__dissolve64,NeuralTextures,1,dissolve64,-0.9532156706244281,1.7957389843967788,1.244456548745492,1.1101407344694827
012_026__dissolve32,NeuralTextures,1,dissolve32,1.0984158574103624,4.450010798794288,2.775723270447591,2.267030083429301
012_026__dissolve64,NeuralTextures,1,dissolve64,-0.3725886905142888,2.6279494946663853,2.125472605595378,1.9584350240766402
015_919__dissolve32,NeuralTextures,1,dissolve32,-3.13460530659674,1.8649903672635744,1.2322039047685818,-0.07341981126564297
015_919__dissolve64,NeuralTextures,1,dissolve64,-2.7466064059664506,1.5166370346637006,1.1326946032591916,0.4027345133792267
024_073__dissolve32,NeuralTextures,1,dissolve32,-2.310094604546159,9.545174309292186,1.3976998098262836,0.4372030614732517
024_073__dissolve64,NeuralTextures,1,dissolve64,-1.8397172832662836,5.8738451582578755,1.779611973691646,1.1504123084958369
026_012__dissolve32,NeuralTextures,1,dissolve32,-1.5648780450077284,8.432573667256861,1.6776902608973727,1.0738209033047499
026_012__dissolve64,NeuralTextures,1,dissolve64,-3.4499936242596485,5.67685709830579,1.6101036086040255,1.2539723373681864
029_048__dissolve32,NeuralTextures,1,dissolve32,-3.4287453070427487,4.1930200738412955,2.234430718152956,1.48919954766216
029_048__dissolve64,NeuralTextures,1,dissolve64,-3.6489357861577485,2.044413826539732,1.4314231815729865,1.1493934339117062
035_036__dissolve32,NeuralTextures,1,dissolve32,-4.519703454266801,2.2063356412187543,1.6232508978257083,-0.6327535017790676
035_036__dissolve64,NeuralTextures,1,dissolve64,-5.133418046117255,1.5147915662105125,1.455725708317526,1.129845635622657
