clip_id,source,label,kind,saw_transition,control_logit,clip_logit,control_video_score,video_score,delta_logit
000__hard_cut,original,0,hard_cut,0,-3.2385641866174826,-4.2778667090695786,0.05320311710238457,0.05279551446437836,-1.039302522452096
000__dissolve32,original,0,dissolve32,1,-4.529127714870816,-5.036974555166064,0.05320311710238457,0.0499253012239933,-0.5078468402952483
000__dissolve64,original,0,dissolve64,1,-4.673840612584751,-3.3898256970653966,0.05320311710238457,0.09496389329433441,1.2840149155193545
003__dissolve32,original,0,dissolve32,1,-5.744813930913035,-6.543549255235061,0.011667867191135883,0.0032468698918819427,-0.7987353243220259
003__dissolve64,original,0,dissolve64,1,-6.277329967058746,-5.667883751819701,0.011667867191135883,0.006938830483704805,0.6094462152390445
012__dissolve32,original,0,dissolve32,1,-6.850288523200224,-3.5640344547580862,0.0012969496892765164,0.0732676237821579,3.286254068442138
012__dissolve64,original,0,dissolve64,1,-6.824478545526826,-3.560231238588388,0.0012969496892765164,0.036608874797821045,3.2642473069384383
015__dissolve32,original,0,dissolve32,1,-6.247727737677788,-3.6628559758681583,0.013036827556788921,0.20532441139221191,2.58487176180963
015__dissolve64,original,0,dissolve64,1,-6.0397603188825295,-2.0878860903123835,0.013036827556788921,0.20683170855045319,3.951874228570146
024__dissolve32,original,0,dissolve32,1,-0.08668377769785619,-2.859711033831019,0.41576436161994934,0.344003826379776,-2.773027256133163
024__dissolve64,original,0,dissolve64,1,-0.17796342457014114,-2.3548507492445463,0.41576436161994934,0.3176705837249756,-2.1768873246744054
026__dissolve32,original,0,dissolve32,1,-8.508819338340077,-2.262647671153635,0.0031160416547209024,0.2652883529663086,6.246171667186442
026__dissolve64,original,0,dissolve64,1,-7.910829999800525,-2.791476117244674,0.0031160416547209024,0.2846706509590149,5.119353882555851
029__dissolve32,original,0,dissolve32,1,-4.938044199411228,-6.447715785743971,0.07309102267026901,0.004446405917406082,-1.5096715863327432
029__dissolve64,original,0,dissolve64,1,-5.327555267616619,-3.7723433713755634,0.07309102267026901,0.0239380095154047,1.5552118962410555
035__dissolve32,original,0,dissolve32,1,1.8279118802387864,-1.3659053082503751,0.5714018940925598,0.21034398674964905,-3.1938171884891613
035__dissolve64,original,0,dissolve64,1,1.0447348627095392,-2.8982704383639155,0.5714018940925598,0.22272881865501404,-3.9430053010734545
036__dissolve32,original,0,dissolve32,1,-6.435214512432995,-7.988564910497037,0.0019107868429273367,0.0004772318061441183,-1.5533503980640422
036__dissolve64,original,0,dissolve64,1,-7.008288518429735,-6.951484982660944,0.0019107868429273367,0.004039247520267963,0.0568035357687906
044__dissolve32,original,0,dissolve32,1,-9.394723106623665,-8.000975912534306,0.00033590011298656464,0.0009030147921293974,1.393747194089359
044__dissolve64,original,0,dissolve64,1,-9.547438224634567,-8.556048259140166,0.00033590011298656464,0.000627621600870043,0.9913899654944007
047__dissolve32,original,0,dissolve32,1,-2.4320227669250776,-4.926388830335436,0.08951328694820404,0.06610137224197388,-2.4943660634103586
047__dissolve64,original,0,dissolve64,1,-3.0979652735597583,-4.5012729762499255,0.08951328694820404,0.0919649749994278,-1.4033077026901672
048__dissolve32,original,0,dissolve32,1,-10.493594641183245,-7.4169168081468655,3.545920844771899e-05,0.002200379967689514,3.0766778330363795
048__dissolve64,original,0,dissolve64,1,-10.42586648284991,-7.101664858103066,3.545920844771899e-05,0.003682218724861741,3.324201624746844
073__dissolve32,original,0,dissolve32,1,-10.515328942958485,-8.03911371247894,4.4961285311728716e-05,0.0010846686782315373,2.4762152304795446
073__dissolve64,original,0,dissolve64,1,-10.44652053360674,-5.796901420304504,4.4961285311728716e-05,0.06026367470622063,4.649619113302236
078__dissolve32,original,0,dissolve32,1,-10.59510057908926,-9.160940774246031,2.6449846700415947e-05,7.365020428551361e-05,1.4341598048432296
078__dissolve64,original,0,dissolve64,1,-10.567963270921489,-7.286098840516782,2.6449846700415947e-05,0.0014142595464363694,3.281864430404706
102__dissolve32,original,0,dissolve32,1,-9.825073542315813,-4.377409206691476,4.8477442760486156e-05,0.09954655915498734,5.447664335624338
102__dissolve64,original,0,dissolve64,1,-9.901691593234265,-4.746345470956723,4.8477442760486156e-05,0.21045266091823578,5.155346122277542
114__dissolve32,original,0,dissolve32,1,-9.895401291363449,-6.946739813268532,0.0003485605411697179,0.007653489243239164,2.948661478094917
114__dissolve64,original,0,dissolve64,1,-9.422581834050806,-5.921532407213439,0.0003485605411697179,0.004858317784965038,3.5010494268373673
128__dissolve32,original,0,dissolve32,1,-7.942634859062571,-2.4992422924267417,0.003145282156765461,0.10299109667539597,5.443392566635829
128__dissolve64,original,0,dissolve64,1,-7.970789520900132,-1.2511793118163081,0.003145282156765461,0.20192594826221466,6.7196102090838234
135__dissolve32,original,0,dissolve32,1,-8.168222425739769,-5.499473182021306,0.00025993247982114553,0.00647430494427681,2.6687492437184632
135__dissolve64,original,0,dissolve64,1,-8.238247688601362,-3.4428807833173343,0.00025993247982114553,0.12169096618890762,4.795366905284028
138__dissolve32,original,0,dissolve32,1,-7.993685462963114,-5.1888101047678825,0.0023495338391512632,0.12368293851613998,2.8048753581952317
138__dissolve64,original,0,dissolve64,1,-7.8472546049192005,-3.8790601524542803,0.0023495338391512632,0.12353972345590591,3.96819445246492
141__dissolve32,original,0,dissolve32,1,-8.494546521694195,-6.500782771790085,0.0003254285256844014,0.007500794716179371,1.9937637499041099
141__dissolve64,original,0,dissolve64,1,-8.49205812739983,-4.883523480901107,0.0003254285256844014,0.0712277740240097,3.6085346464987227
142__dissolve32,original,0,dissolve32,1,-1.5279099661840558,-4.681358519474853,0.22849874198436737,0.07749887555837631,-3.153448553290797
142__dissolve64,original,0,dissolve64,1,-1.5703410686853287,-3.8792376130595296,0.22849874198436737,0.05879794806241989,-2.3088965443742007
154__dissolve32,original,0,dissolve32,1,-10.27246774995103,-8.152204142015021,3.0654056899948046e-05,0.0003060957242269069,2.1202636079360087
154__dissolve64,original,0,dissolve64,1,-10.30006175348537,-5.732986328671112,3.0654056899948046e-05,0.046870600432157516,4.5670754248142575
158__dissolve32,original,0,dissolve32,1,-1.30190345242553,-4.489040208956881,0.17877614498138428,0.07497511804103851,-3.187136756531351
158__dissolve64,original,0,dissolve64,1,-2.089407421195112,-4.842058074243568,0.17877614498138428,0.07620244473218918,-2.7526506530484562
161__dissolve32,original,0,dissolve32,1,-9.85606263026735,-6.769891070854482,0.000156486508785747,0.002982816658914089,3.086171559412869
161__dissolve64,original,0,dissolve64,1,-9.845733027355628,-4.823860421659761,0.000156486508785747,0.10773251205682755,5.021872605695867
169__dissolve32,original,0,dissolve32,1,-7.968291338392944,-5.590530817293131,0.0003867626073770225,0.022286206483840942,2.3777605210998125
169__dissolve64,original,0,dissolve64,1,-8.426830984923171,-2.8141087740277446,0.0003867626073770225,0.17270022630691528,5.612722210895427
170__dissolve32,original,0,dissolve32,1,-10.260392966710585,-5.545581826837957,4.5548295020125806e-05,0.024505767971277237,4.714811139872628
170__dissolve64,original,0,dissolve64,1,-10.237731434500796,-4.420077392992026,4.5548295020125806e-05,0.08954045921564102,5.817654041508771
176__dissolve32,original,0,dissolve32,1,-8.97692975804123,-3.0112553200550543,0.00012339399836491793,0.27345263957977295,5.965674437986175
176__dissolve64,original,0,dissolve64,1,-9.075644280830778,-1.735804804349641,0.00012339399836491793,0.2634632885456085,7.339839476481137
186__dissolve32,original,0,dissolve32,1,-0.5249743470832042,-3.495719277161735,0.38368985056877136,0.22689588367938995,-2.970744930078531
186__dissolve64,original,0,dissolve64,1,-0.5206075321198954,-3.7777325242388233,0.38368985056877136,0.34239861369132996,-3.257124992118928
190__dissolve32,original,0,dissolve32,1,-1.0185183986068036,-2.4936401624600832,0.2967296540737152,0.20559251308441162,-1.4751217638532796
190__dissolve64,original,0,dissolve64,1,-0.9598519340814032,-3.2602525828962508,0.2967296540737152,0.17521975934505463,-2.3004006488148474
214__dissolve32,original,0,dissolve32,1,-9.149598209618384,-7.692627963145518,8.241100294981152e-05,0.000339628109941259,1.4569702464728662
214__dissolve64,original,0,dissolve64,1,-9.297118354773751,-7.796275706420884,8.241100294981152e-05,0.0003571478300727904,1.500842648352867
219__dissolve32,original,0,dissolve32,1,-9.416580658092983,-6.349455772106599,8.880365203367546e-05,0.33577167987823486,3.0671248859863836
219__dissolve64,original,0,dissolve64,1,-9.48976104117001,-4.990024663442972,8.880365203367546e-05,0.37324604392051697,4.499736377727038
220__dissolve32,original,0,dissolve32,1,-6.309413361024068,-6.550122437502284,0.02423465996980667,0.18143609166145325,-0.2407090764782165
220__dissolve64,original,0,dissolve64,1,-6.139833247247944,-5.932087708702282,0.02423465996980667,0.22230499982833862,0.20774553854566236
227__dissolve32,original,0,dissolve32,1,-4.532718614312539,-5.135973145434761,0.012834213674068451,0.22112369537353516,-0.6032545311222224
227__dissolve64,original,0,dissolve64,1,-4.443472327249004,-5.015998471884775,0.012834213674068451,0.2789382040500641,-0.5725261446357717
233__dissolve32,original,0,dissolve32,1,-5.094141646255608,-3.4930570817567843,0.04360179230570793,0.20854726433753967,1.6010845644988234
233__dissolve64,original,0,dissolve64,1,-5.474694175505051,-2.90999000161369,0.04360179230570793,0.3027662932872772,2.5647041738913607
249__dissolve32,original,0,dissolve32,1,-6.5294600970356695,-1.685581452928405,0.0011630182852968574,0.14587874710559845,4.8438786441072645
249__dissolve64,original,0,dissolve64,1,-7.171369030793306,-2.066958178765901,0.0011630182852968574,0.23775076866149902,5.104410852027405
000_003__dissolve32,Deepfakes,1,dissolve32,1,3.406484843138887,2.4708798214896794,0.8252481818199158,0.690057098865509,-0.9356050216492076
000_003__dissolve64,Deepfakes,1,dissolve64,1,3.4210857551298313,2.0153809902809217,0.8252481818199158,0.7063819766044617,-1.4057047648489096
003_000__dissolve32,Deepfakes,1,dissolve32,1,4.435293487804707,3.0955607539270047,0.8756732940673828,0.922634482383728,-1.3397327338777019
003_000__dissolve64,Deepfakes,1,dissolve64,1,3.878356011352552,2.22593019901385,0.8756732940673828,0.8441360592842102,-1.6524258123387021
012_026__dissolve32,Deepfakes,1,dissolve32,1,5.499945694054837,7.175467217818333,0.9675830006599426,0.986910343170166,1.6755215237634964
012_026__dissolve64,Deepfakes,1,dissolve64,1,5.293640466370031,6.965732708078855,0.9675830006599426,0.9847931265830994,1.6720922417088238
015_919__dissolve32,Deepfakes,1,dissolve32,1,8.344481710526665,9.090977017260327,0.9850523471832275,0.9998725056648254,0.7464953067336619
015_919__dissolve64,Deepfakes,1,dissolve64,1,8.343808174900643,8.844869059235885,0.9850523471832275,0.9996746778488159,0.5010608843352422
024_073__dissolve32,Deepfakes,1,dissolve32,1,8.174800874927003,8.125389766094996,0.9983934760093689,0.9990570545196533,-0.0494111088320075
024_073__dissolve64,Deepfakes,1,dissolve64,1,8.286772181805432,8.553313008243931,0.9983934760093689,0.9992581009864807,0.26654082643849897
026_012__dissolve32,Deepfakes,1,dissolve32,1,10.320689676923891,9.211480310992155,0.9999670386314392,0.9998104572296143,-1.1092093659317364
026_012__dissolve64,Deepfakes,1,dissolve64,1,10.313795845816768,9.379063479119637,0.9999670386314392,0.9997568130493164,-0.9347323666971317
029_048__dissolve32,Deepfakes,1,dissolve32,1,10.039653346678042,9.60296136613393,0.9999586939811707,0.9999394416809082,-0.4366919805441114
029_048__dissolve64,Deepfakes,1,dissolve64,1,10.07997186680585,9.513387601956241,0.9999586939811707,0.9999273419380188,-0.5665842648496096
035_036__dissolve32,Deepfakes,1,dissolve32,1,6.76519172225747,3.209329107264411,0.9929832816123962,0.7882773280143738,-3.5558626149930586
035_036__dissolve64,Deepfakes,1,dissolve64,1,6.363493772467597,3.381550113502593,0.9929832816123962,0.8817554116249084,-2.9819436589650037
036_035__dissolve32,Deepfakes,1,dissolve32,1,2.566680228135703,7.244036673196118,0.8046303987503052,0.9956708550453186,4.677356445060415
036_035__dissolve64,Deepfakes,1,dissolve64,1,2.944305077401646,7.127781391875975,0.8046303987503052,0.9938483238220215,4.183476314474329
000_003__dissolve32,Face2Face,1,dissolve32,1,8.903927477562638,4.5526062682310675,0.9998298287391663,0.9260101318359375,-4.35132120933157
000_003__dissolve64,Face2Face,1,dissolve64,1,8.833985006046841,6.469583398497933,0.9998298287391663,0.9880834221839905,-2.364401607548908
003_000__dissolve32,Face2Face,1,dissolve32,1,8.494338406205319,5.499789442943487,0.9639355540275574,0.8308283090591431,-2.994548963261832
003_000__dissolve64,Face2Face,1,dissolve64,1,7.896886735563468,4.672927770455367,0.9639355540275574,0.9126065969467163,-3.2239589651081015
012_026__dissolve32,Face2Face,1,dissolve32,1,0.8401329441973203,3.2424238681721675,0.780493438243866,0.8360103368759155,2.402290923974847
012_026__dissolve64,Face2Face,1,dissolve64,1,1.2450966681029243,1.918490915224585,0.780493438243866,0.8537675738334656,0.6733942471216607
015_919__dissolve32,Face2Face,1,dissolve32,1,4.032825674320249,2.596434562914001,0.922259509563446,0.8965551853179932,-1.4363911114062482
015_919__dissolve64,Face2Face,1,dissolve64,1,4.45172928387036,3.7767272467136137,0.922259509563446,0.924262285232544,-0.6750020371567467
024_073__dissolve32,Face2Face,1,dissolve32,1,6.342271223990468,5.212510659535231,0.9829421639442444,0.9773147106170654,-1.1297605644552373
024_073__dissolve64,Face2Face,1,dissolve64,1,6.628833327567165,4.434807335178441,0.9829421639442444,0.9614136815071106,-2.194025992388724
026_012__dissolve32,Face2Face,1,dissolve32,1,8.533109923850388,7.474655528105053,0.9997096061706543,0.9991034865379333,-1.0584543957453345
026_012__dissolve64,Face2Face,1,dissolve64,1,8.677255795605216,8.12621411099083,0.9997096061706543,0.9996628761291504,-0.5510416846143862
029_048__dissolve32,Face2Face,1,dissolve32,1,5.896301765916039,3.8192471116227193,0.9947109818458557,0.9583796858787537,-2.07705465429332
029_048__dissolve64,Face2Face,1,dissolve64,1,5.726710100122892,4.863383820690636,0.9947109818458557,0.9425555467605591,-0.8633262794322558
035_036__dissolve32,Face2Face,1,dissolve32,1,8.344499915070783,5.538721545150843,0.9994339942932129,0.9902253746986389,-2.8057783699199392
035_036__dissolve64,Face2Face,1,dissolve64,1,8.190481186738323,6.6810170997622444,0.9994339942932129,0.9955468773841858,-1.5094640869760783
036_035__dissolve32,Face2Face,1,dissolve32,1,9.27370054835247,3.5557443816610124,0.9998935461044312,0.8816548585891724,-5.717956166691458
036_035__dissolve64,Face2Face,1,dissolve64,1,9.347180555256765,3.3072609396262656,0.9998935461044312,0.843927264213562,-6.039919615630499
000_003__dissolve32,FaceSwap,1,dissolve32,1,9.809030241535803,9.66621778991476,0.9999508857727051,0.9999427795410156,-0.14281245162104206
000_003__dissolve64,FaceSwap,1,dissolve64,1,9.833212646905665,9.561044767756167,0.9999508857727051,0.9999368786811829,-0.2721678791494977
003_000__dissolve32,FaceSwap,1,dissolve32,1,9.819173158030909,9.522572449047892,0.9998707175254822,0.9988735318183899,-0.29660070898301605
003_000__dissolve64,FaceSwap,1,dissolve64,1,9.739126722154799,9.073364929290172,0.9998707175254822,0.9989943504333496,-0.6657617928646271
012_026__dissolve32,FaceSwap,1,dissolve32,1,7.838687199840192,7.242651268539369,0.9994063377380371,0.997480034828186,-0.5960359313008228
012_026__dissolve64,FaceSwap,1,dissolve64,1,7.924378988111286,8.299362696607405,0.9994063377380371,0.9993053078651428,0.37498370849611895
015_919__dissolve32,FaceSwap,1,dissolve32,1,7.309146419932439,9.308327086192909,0.969396710395813,0.9999149441719055,1.9991806662604699
015_919__dissolve64,FaceSwap,1,dissolve64,1,6.68229786554953,8.471727561896804,0.969396710395813,0.9997316598892212,1.7894296963472742
024_073__dissolve32,FaceSwap,1,dissolve32,1,10.189512361812573,9.728992227510892,0.9999517202377319,0.999285876750946,-0.4605201343016816
024_073__dissolve64,FaceSwap,1,dissolve64,1,10.172389034469287,8.769718900056565,0.9999517202377319,0.9997117519378662,-1.4026701344127215
026_012__dissolve32,FaceSwap,1,dissolve32,1,9.05144522027708,5.490823528526583,0.9990353584289551,0.9858136177062988,-3.5606216917504963
026_012__dissolve64,FaceSwap,1,dissolve64,1,8.305741402668255,4.758492039872095,0.9990353584289551,0.9573362469673157,-3.54724936279616
029_048__dissolve32,FaceSwap,1,dissolve32,1,10.020307137415749,9.855349592489203,0.9999576807022095,0.9999365210533142,-0.1649575449265459
029_048__dissolve64,FaceSwap,1,dissolve64,1,10.045624378422039,9.48611898959173,0.9999576807022095,0.9999252557754517,-0.5595053888303081
035_036__dissolve32,FaceSwap,1,dissolve32,1,2.94813306357811,1.9698346191548783,0.9176048636436462,0.813843309879303,-0.9782984444232314
035_036__dissolve64,FaceSwap,1,dissolve64,1,2.9311686861276103,2.7017261993231596,0.9176048636436462,0.7919691801071167,-0.22944248680445067
036_035__dissolve32,FaceSwap,1,dissolve32,1,1.0598387147982131,-1.074975858245227,0.6155732274055481,0.5450239777565002,-2.13481457304344
036_035__dissolve64,FaceSwap,1,dissolve64,1,1.3548346676054934,1.689900741361913,0.6155732274055481,0.7099258303642273,0.3350660737564195
000_003__dissolve32,NeuralTextures,1,dissolve32,1,6.3917271481651285,4.81189402625174,0.9884847402572632,0.977685272693634,-1.5798331219133885
000_003__dissolve64,NeuralTextures,1,dissolve64,1,6.519107858483128,5.291146405995906,0.9884847402572632,0.9884138107299805,-1.2279614524872224
003_000__dissolve32,NeuralTextures,1,dissolve32,1,8.505140116590196,5.432201770702008,0.933069109916687,0.9444471597671509,-3.072938345888188
003_000__dissolve64,NeuralTextures,1,dissolve64,1,7.712917525222474,6.759701854598046,0.933069109916687,0.9422791600227356,-0.9532156706244281
012_026__dissolve32,NeuralTextures,1,dissolve32,1,5.695813521584562,6.794229378994924,0.9629693031311035,0.9943225383758545,1.0984158574103624
012_026__dissolve64,NeuralTextures,1,dissolve64,1,5.756079531740476,5.3834908412261875,0.9629693031311035,0.9913336634635925,-0.3725886905142888
015_919__dissolve32,NeuralTextures,1,dissolve32,1,7.07769084608007,3.9430855394833295,0.9670311212539673,0.9762612581253052,-3.13460530659674
015_919__dissolve64,NeuralTextures,1,dissolve64,1,6.862380301668126,4.115773895701675,0.9670311212539673,0.9407123327255249,-2.7466064059664506
024_073__dissolve32,NeuralTextures,1,dissolve32,1,5.431834315598482,3.121739711052323,0.9932074546813965,0.9584231376647949,-2.310094604546159
024_073__dissolve64,NeuralTextures,1,dissolve64,1,5.938053062076333,4.09833577881005,0.9932074546813965,0.9550805687904358,-1.8397172832662836
026_012__dissolve32,NeuralTextures,1,dissolve32,1,9.070652048199078,7.505774003191349,0.999322235584259,0.9983716011047363,-1.5648780450077284
026_012__dissolve64,NeuralTextures,1,dissolve64,1,9.139350281551803,5.689356657292154,0.999322235584259,0.9863599538803101,-3.4499936242596485
029_048__dissolve32,NeuralTextures,1,dissolve32,1,8.836204562591309,5.40745925554856,0.9998481869697571,0.8768933415412903,-3.4287453070427487
029_048__dissolve64,NeuralTextures,1,dissolve64,1,8.897935891824245,5.2490001056664966,0.9998481869697571,0.9238075017929077,-3.6489357861577485
035_036__dissolve32,NeuralTextures,1,dissolve32,1,8.825931336491278,4.306227882224477,0.9997217059135437,0.9582383632659912,-4.519703454266801
035_036__dissolve64,NeuralTextures,1,dissolve64,1,8.630851006549317,3.497432960432062,0.9997217059135437,0.8612026572227478,-5.133418046117255
