clip_id,source,label,kind,face_found,control_score,score,control_logit,clip_logit,delta_logit
000__dissolve32,original,0,dissolve32,1.0,4.006368908449076e-05,3.76364441763144e-05,-10.125000078496075,-10.187500079836793,-0.06250000134071776
000__dissolve64,original,0,dissolve64,1.0,4.006368908449076e-05,0.00012339458044152707,-10.125000078496075,-8.999999963889458,1.1250001146066175
003__dissolve32,original,0,dissolve32,1.0,2.5071594791370444e-05,6.962256520637311e-06,-10.593749962371325,-11.874999961147534,-1.2812499987762092
003__dissolve64,original,0,dissolve64,1.0,2.5071594791370444e-05,8.220189192797989e-05,-10.593749962371325,-9.406250034740847,1.187499927630478
012__dissolve32,original,0,dissolve32,1.0,3.187565198459197e-06,0.07423136383295059,-12.656250005700068,-2.5234375964461857,10.132812409253882
012__dissolve64,original,0,dissolve64,1.0,3.187565198459197e-06,0.2693256139755249,-12.656250005700068,-0.9980468156982181,11.65820319000185
015__dissolve32,original,0,dissolve32,1.0,8.398072168347426e-06,3.187565198459197e-06,-11.687499984115757,-12.656250005700068,-0.9687500215843112
015__dissolve64,original,0,dissolve64,1.0,8.398072168347426e-06,5.955139386060182e-06,-11.687499984115757,-12.031249993714598,-0.34375000959884083
024__dissolve32,original,0,dissolve32,1.0,0.005730246659368277,1.0451546586409677e-05,-5.156249974659332,-11.468750140203486,-6.312500165544154
024__dissolve64,original,0,dissolve64,1.0,0.005730246659368277,2.5071594791370444e-05,-5.156249974659332,-10.593749962371325,-5.437499987711993
026__dissolve32,original,0,dissolve32,1.0,3.089494384767022e-06,0.0002531563804950565,-12.68750002046947,-8.281249967031274,4.406250053438196
026__dissolve64,original,0,dissolve64,1.0,3.089494384767022e-06,0.0001398220774717629,-12.68750002046947,-8.874999986949923,3.8125000335195462
029__dissolve32,original,0,dissolve32,1.0,0.0016484830994158983,0.004070138093084097,-6.406249904260596,-5.499999906949234,0.9062499973113622
029__dissolve64,original,0,dissolve64,1.0,0.0016484830994158983,0.005139611195772886,-6.406249904260596,-5.265624980793999,1.1406249234665973
035__dissolve32,original,0,dissolve32,1.0,0.030908960849046707,7.9673009167891e-05,-3.4453124221517326,-9.437500008700509,-5.992187586548776
035__dissolve64,original,0,dissolve64,1.0,0.030908960849046707,0.00011591934162424877,-3.4453124221517326,-9.062500013477159,-5.617187591325426
036__dissolve32,original,0,dissolve32,1.0,5.422219146566931e-06,4.2228334677929524e-06,-12.124999967439214,-12.374999994521895,-0.250000027082681
036__dissolve64,original,0,dissolve64,1.0,5.422219146566931e-06,4.9369896260031965e-06,-12.124999967439214,-12.218749862963374,-0.09374989552416046
044__dissolve32,original,0,dissolve32,1.0,1.3007128472963814e-05,5.771919859398622e-06,-11.249999999501206,-12.062500029585594,-0.8125000300843883
044__dissolve64,original,0,dissolve64,1.0,1.3007128472963814e-05,6.748050964233698e-06,-11.249999999501206,-11.90625009274072,-0.6562500932395139
047__dissolve32,original,0,dissolve32,1.0,1.1125607670692261e-05,0.0005112579092383385,-11.406249983649444,-7.5781249916879645,3.828124991961479
047__dissolve64,original,0,dissolve64,1.0,1.1125607670692261e-05,0.8504685759544373,-11.406249983649444,1.7382808983942057,13.14453088204365
048__dissolve32,original,0,dissolve32,1.0,2.561282371971174e-06,5.771919859398622e-06,-12.874999937057733,-12.062500029585594,0.8124999074721391
048__dissolve64,original,0,dissolve64,1.0,2.561282371971174e-06,3.288748985141865e-06,-12.874999937057733,-12.625000024422325,0.249999912635408
073__dissolve32,original,0,dissolve32,1.0,1.4285516954259947e-05,3.120191104244441e-05,-11.15625004870971,-10.375000011266396,0.7812500374433142
073__dissolve64,original,0,dissolve64,1.0,1.4285516954259947e-05,8.750300185056403e-05,-11.15625004870971,-9.343749951495122,1.8125000972145884
078__dissolve32,original,0,dissolve32,1.0,2.6688530851970427e-05,0.000656372809316963,-10.531249952062703,-7.328125035243516,3.2031249168191875
078__dissolve64,original,0,dissolve64,1.0,2.6688530851970427e-05,0.001367025775834918,-10.531249952062703,-6.5937499046420545,3.9375000474206487
102__dissolve32,original,0,dissolve32,1.0,3.76364441763144e-05,0.000626334163825959,-10.187500079836793,-7.374999990867301,2.812500088969492
102__dissolve64,original,0,dissolve64,1.0,3.76364441763144e-05,0.30569732189178467,-10.187500079836793,-0.8203125327479498,9.367187547088843
114__dissolve32,original,0,dissolve32,1.0,0.0001398220774717629,1.2606945347215515e-05,-8.874999986949923,-11.281250070813904,-2.4062500838639806
114__dissolve64,original,0,dissolve64,1.0,0.0001398220774717629,1.2219074960739817e-05,-8.874999986949923,-11.312500086730305,-2.4375000997803813
128__dissolve32,original,0,dissolve32,1.0,3.089494384767022e-06,1.3420012692222372e-05,-12.68750002046947,-11.218750060549265,1.4687499599202045
128__dissolve64,original,0,dissolve64,1.0,3.089494384767022e-06,6.540436970681185e-06,-12.68750002046947,-11.93750003917997,0.7499999812895002
135__dissolve32,original,0,dissolve32,1.0,0.0792103260755539,0.22000709176063538,-2.4531249730376192,-1.265625046533059,1.1874999265045603
135__dissolve64,original,0,dissolve64,1.0,0.0792103260755539,0.13477592170238495,-2.4531249730376192,-1.8593749633017937,0.5937500097358255
138__dissolve32,original,0,dissolve32,1.0,3.6119829474046128e-06,2.3320744730881415e-06,-12.531250031526277,-12.968750022622245,-0.4374999910959687
138__dissolve64,original,0,dissolve64,1.0,3.6119829474046128e-06,3.6119829474046128e-06,-12.531250031526277,-12.531250031526277,0.0
141__dissolve32,original,0,dissolve32,1.0,7.722191367065534e-05,1.6187581422855146e-05,-9.46875006048005,-11.031250000821395,-1.562499940341345
141__dissolve64,original,0,dissolve64,1.0,7.722191367065534e-05,0.0008693673880770802,-9.46875006048005,-7.046875005444479,2.4218750550355708
142__dissolve32,original,0,dissolve32,1.0,2.2603242086915998e-06,5.955139386060182e-06,-13.000000039468752,-12.031249993714598,0.9687500457541542
142__dissolve64,original,0,dissolve64,1.0,2.2603242086915998e-06,4.006368908449076e-05,-13.000000039468752,-10.125000078496075,2.8749999609726764
154__dissolve32,original,0,dissolve32,1.0,4.356879799161106e-06,1.3007128472963814e-05,-12.343750042302537,-11.249999999501206,1.0937500428013305
154__dissolve64,original,0,dissolve64,1.0,4.356879799161106e-06,7.48462334740907e-05,-12.343750042302537,-9.499999920317618,2.843750121984918
158__dissolve32,original,0,dissolve32,1.0,1.248270905307436e-06,2.190781742683612e-06,-13.59374999174153,-13.03124992691733,0.5625000648242011
158__dissolve64,original,0,dissolve64,1.0,1.248270905307436e-06,6.402006692951545e-05,-13.59374999174153,-9.656249955859826,3.9375000358817047
161__dissolve32,original,0,dissolve32,1.0,3.288748985141865e-06,2.1233784082141938e-06,-12.625000024422325,-13.062500025534634,-0.43750000111230847
161__dissolve64,original,0,dissolve64,1.0,3.288748985141865e-06,6.540436970681185e-06,-12.625000024422325,-11.93750003917997,0.687499985242356
169__dissolve32,original,0,dissolve32,1.0,2.3320744730881415e-06,3.426849434617907e-05,-12.968750022622245,-10.281249889001408,2.687500133620837
169__dissolve64,original,0,dissolve64,1.0,2.3320744730881415e-06,3.120191104244441e-05,-12.968750022622245,-10.375000011266396,2.5937500113558496
170__dissolve32,original,0,dissolve32,1.0,0.0031726830638945103,0.0008426422718912363,-5.749999929991739,-7.078125043786385,-1.3281251137946466
170__dissolve64,original,0,dissolve64,1.0,0.0031726830638945103,0.0010649627074599266,-5.749999929991739,-6.843749966720218,-1.0937500367284798
176__dissolve32,original,0,dissolve32,1.0,0.027585284784436226,4.264746530679986e-05,-3.5624999046520194,-10.062500067504644,-6.500000162852624
176__dissolve64,original,0,dissolve64,1.0,0.027585284784436226,0.00010229985491605476,-3.5624999046520194,-9.18749999814018,-5.625000093488159
186__dissolve32,original,0,dissolve32,1.0,2.190781742683612e-06,0.0002098830882459879,-13.03124992691733,-8.468749999795763,4.562499927121566
186__dissolve64,original,0,dissolve64,1.0,2.190781742683612e-06,0.0002780309587251395,-13.03124992691733,-8.187500018536817,4.843749908380513
190__dissolve32,original,0,dissolve32,1.0,0.7846492528915405,0.1490352898836136,1.2929687255597158,-1.7421875362315116,-3.0351562617912275
190__dissolve64,original,0,dissolve64,1.0,0.7846492528915405,0.23022675514221191,1.2929687255597158,-1.2070312691065805,-2.4999999946662963
214__dissolve32,original,0,dissolve32,1.0,1.7231572201126255e-05,2.9944410471216543e-06,-10.968750031977676,-12.718749978042535,-1.7499999460648592
214__dissolve64,original,0,dissolve64,1.0,1.7231572201126255e-05,4.637873189494712e-06,-10.968750031977676,-12.281250023256245,-1.3124999912785693
219__dissolve32,original,0,dissolve32,1.0,0.008711383678019047,0.01678549125790596,-4.734375090288557,-4.070312417119244,0.6640626731693127
219__dissolve64,original,0,dissolve64,1.0,0.008711383678019047,0.018689308315515518,-4.734375090288557,-3.9609375060650738,0.7734375842234833
220__dissolve32,original,0,dissolve32,1.0,0.0012065897462889552,0.0007916296017356217,-6.718749971752046,-7.140625007014034,-0.421875035261988
220__dissolve64,original,0,dissolve64,1.0,0.0012065897462889552,0.04401865229010582,-6.718749971752046,-3.078124942321739,3.6406250294303066
227__dissolve32,original,0,dissolve32,1.0,2.9311537218745798e-05,8.939696272136644e-06,-10.43750004574631,-11.625000003653684,-1.1874999579073737
227__dissolve64,original,0,dissolve64,1.0,2.9311537218745798e-05,1.520683872513473e-05,-10.43750004574631,-11.09375010821232,-0.656250062466011
233__dissolve32,original,0,dissolve32,1.0,0.541166365146637,0.00036259007174521685,0.16503905264863156,-7.921874984930714,-8.086914037579346
233__dissolve64,original,0,dissolve64,1.0,0.541166365146637,0.24077460169792175,0.16503905264863156,-1.1484374675740239,-1.3134765202226555
249__dissolve32,original,0,dissolve32,1.0,1.5057016753416974e-06,2.7535692424862646e-05,-13.406250033248892,-10.499999952413933,2.9062500808349583
249__dissolve64,original,0,dissolve64,1.0,1.5057016753416974e-06,1.2606945347215515e-05,-13.406250033248892,-11.281250070813904,2.1249999624349876
000_003__dissolve32,Deepfakes,1,dissolve32,1.0,0.04240383207798004,0.00018522574100643396,-3.1171874151318786,-8.593750012197523,-5.476562597065644
000_003__dissolve64,Deepfakes,1,dissolve64,1.0,0.04240383207798004,0.00013552079326473176,-3.1171874151318786,-8.906249943612345,-5.789062528480466
003_000__dissolve32,Deepfakes,1,dissolve32,1.0,4.832564445678145e-05,0.0005033356137573719,-9.937499870258751,-7.593749923860242,2.3437499463985088
003_000__dissolve64,Deepfakes,1,dissolve64,1.0,4.832564445678145e-05,0.005060331895947456,-9.937499870258751,-5.281250027016124,4.656249843242628
012_026__dissolve32,Deepfakes,1,dissolve32,1.0,5.771919859398622e-06,0.6506892442703247,-12.062500029585594,0.6220702333094636,12.684570262895058
012_026__dissolve64,Deepfakes,1,dissolve64,1.0,5.771919859398622e-06,0.6926419734954834,-12.062500029585594,0.8124999547217111,12.874999984307305
015_919__dissolve32,Deepfakes,1,dissolve32,1.0,1.1843138963740785e-05,0.00011959858238697052,-11.34375000525533,-9.031249963734874,2.3125000415204564
015_919__dissolve64,Deepfakes,1,dissolve64,1.0,1.1843138963740785e-05,9.028039494296536e-05,-11.34375000525533,-9.312499946908881,2.0312500583464494
024_073__dissolve32,Deepfakes,1,dissolve32,1.0,0.8652240633964539,0.011508150026202202,1.8593748355169974,-4.4531249154427615,-6.312499750959759
024_073__dissolve64,Deepfakes,1,dissolve64,1.0,0.8652240633964539,0.03567855432629585,1.8593748355169974,-3.296874899767306,-5.1562497352843035
026_012__dissolve32,Deepfakes,1,dissolve32,1.0,8.481103577651083e-05,0.0004512106243055314,-9.375000070127362,-7.703124998830752,1.6718750712966095
026_012__dissolve64,Deepfakes,1,dissolve64,1.0,8.481103577651083e-05,0.0008426422718912363,-9.375000070127362,-7.078125043786385,2.2968750263409765
029_048__dissolve32,Deepfakes,1,dissolve32,1.0,0.002287227427586913,1.1843138963740785e-05,-6.0781250781258835,-11.34375000525533,-5.265624927129447
029_048__dissolve64,Deepfakes,1,dissolve64,1.0,0.002287227427586913,2.355261858610902e-05,-6.0781250781258835,-10.65624999817124,-4.578124920045357
035_036__dissolve32,Deepfakes,1,dissolve32,1.0,0.0020190137438476086,0.0006986756925471127,-6.203125077720019,-7.265624962672731,-1.0624998849527119
035_036__dissolve64,Deepfakes,1,dissolve64,1.0,0.0020190137438476086,0.008847354911267757,-6.203125077720019,-4.718750019575901,1.484375058144118
036_035__dissolve32,Deepfakes,1,dissolve32,1.0,0.0004108485300093889,4.400118632474914e-05,-7.796875018567391,-10.031249960328957,-2.2343749417615655
036_035__dissolve64,Deepfakes,1,dissolve64,1.0,0.0004108485300093889,6.205048703122884e-05,-7.796875018567391,-9.687500144919667,-1.8906251263522762
000_003__dissolve32,Face2Face,1,dissolve32,1.0,0.0004108485300093889,0.00017952796770259738,-7.796875018567391,-8.625000009159995,-0.8281249905926042
000_003__dissolve64,Face2Face,1,dissolve64,1.0,0.0004108485300093889,0.0002098830882459879,-7.796875018567391,-8.468749999795763,-0.6718749812283722
003_000__dissolve32,Face2Face,1,dissolve32,1.0,0.0002780309587251395,0.06008664518594742,-8.187500018536817,-2.7500000883213893,5.437499930215427
003_000__dissolve64,Face2Face,1,dissolve64,1.0,0.0002780309587251395,0.023330768570303917,-8.187500018536817,-3.7343750104525557,4.45312500808426
012_026__dissolve32,Face2Face,1,dissolve32,1.0,0.1555909812450409,0.09670579433441162,-1.6914063476694687,-2.2343749881139656,-0.5429686404444969
012_026__dissolve64,Face2Face,1,dissolve64,1.0,0.1555909812450409,0.3593641519546509,-1.6914063476694687,-0.5781249704869126,1.113281377182556
015_919__dissolve32,Face2Face,1,dissolve32,1.0,3.0241957574617118e-05,0.008847354911267757,-10.40625003172291,-4.718750019575901,5.68750001214701
015_919__dissolve64,Face2Face,1,dissolve64,1.0,3.0241957574617118e-05,0.00016865275392774493,-10.40625003172291,-8.68750000036412,1.7187500313587911
024_073__dissolve32,Face2Face,1,dissolve32,1.0,0.005554925184696913,2.355261858610902e-05,-5.187499912925433,-10.65624999817124,-5.468750085245808
024_073__dissolve64,Face2Face,1,dissolve64,1.0,0.005554925184696913,6.605214002775028e-05,-5.187499912925433,-9.625000073081907,-4.437500160156474
026_012__dissolve32,Face2Face,1,dissolve32,1.0,8.398072168347426e-06,0.001048469333909452,-11.687499984115757,-6.859374936270427,4.8281250478453295
026_012__dissolve64,Face2Face,1,dissolve64,1.0,8.398072168347426e-06,0.00012339458044152707,-11.687499984115757,-8.999999963889458,2.687500020226299
029_048__dissolve32,Face2Face,1,dissolve32,1.0,0.011687257327139378,0.0013885233784094453,-4.437500057880219,-6.578124925919673,-2.1406248680394544
029_048__dissolve64,Face2Face,1,dissolve64,1.0,0.011687257327139378,0.017442483454942703,-4.437500057880219,-4.031250074760439,0.4062499831197801
035_036__dissolve32,Face2Face,1,dissolve32,1.0,0.791176438331604,0.00010889690747717395,1.3320313073216963,-9.125000023413504,-10.4570313307352
035_036__dissolve64,Face2Face,1,dissolve64,1.0,0.791176438331604,0.0001398220774717629,1.3320313073216963,-8.874999986949923,-10.20703129427162
036_035__dissolve32,Face2Face,1,dissolve32,1.0,7.411280421365518e-06,4.2228334677929524e-06,-11.81249992587037,-12.374999994521895,-0.5625000686515254
036_035__dissolve64,Face2Face,1,dissolve64,1.0,7.411280421365518e-06,5.955139386060182e-06,-11.81249992587037,-12.031249993714598,-0.218750067844228
000_003__dissolve32,FaceSwap,1,dissolve32,1.0,8.750300185056403e-05,2.6688530851970427e-05,-9.343749951495122,-10.531249952062703,-1.1875000005675815
000_003__dissolve64,FaceSwap,1,dissolve64,1.0,8.750300185056403e-05,1.3846004549122881e-05,-9.343749951495122,-11.187500001056675,-1.843750049561553
003_000__dissolve32,FaceSwap,1,dissolve32,1.0,7.031184213701636e-05,0.00018522574100643396,-9.562500007568719,-8.593750012197523,0.968749995371196
003_000__dissolve64,FaceSwap,1,dissolve64,1.0,7.031184213701636e-05,0.01542455144226551,-9.562500007568719,-4.156250042114374,5.406249965454345
012_026__dissolve32,FaceSwap,1,dissolve32,1.0,3.966986241721315e-06,8.750300185056403e-05,-12.437499917626159,-9.343749951495122,3.0937499661310373
012_026__dissolve64,FaceSwap,1,dissolve64,1.0,3.966986241721315e-06,0.0032730645034462214,-12.437499917626159,-5.71875014321736,6.718749774408799
015_919__dissolve32,FaceSwap,1,dissolve32,1.0,2.190781742683612e-06,1.8738753624347737e-06,-13.03124992691733,-13.187500011322237,-0.15625008440490795
015_919__dissolve64,FaceSwap,1,dissolve64,1.0,2.190781742683612e-06,5.093705112813041e-06,-13.03124992691733,-12.187499978486462,0.843749948430867
024_073__dissolve32,FaceSwap,1,dissolve32,1.0,0.0002531563804950565,4.006368908449076e-05,-8.281249967031274,-10.125000078496075,-1.8437501114648018
024_073__dissolve64,FaceSwap,1,dissolve64,1.0,0.0002531563804950565,0.0008295891457237303,-8.281249967031274,-7.093750051436028,1.1874999155952457
026_012__dissolve32,FaceSwap,1,dissolve32,1.0,2.7535692424862646e-05,5.3075080359121785e-05,-10.499999952413933,-9.843749959819913,0.6562499925940202
026_012__dissolve64,FaceSwap,1,dissolve64,1.0,2.7535692424862646e-05,7.031184213701636e-05,-10.499999952413933,-9.562500007568719,0.9374999448452144
029_048__dissolve32,FaceSwap,1,dissolve32,1.0,3.288748985141865e-06,5.3075080359121785e-05,-12.625000024422325,-9.843749959819913,2.7812500646024123
029_048__dissolve64,FaceSwap,1,dissolve64,1.0,3.288748985141865e-06,6.605214002775028e-05,-12.625000024422325,-9.625000073081907,2.9999999513404187
035_036__dissolve32,FaceSwap,1,dissolve32,1.0,8.481103577651083e-05,2.1444948288262822e-05,-9.375000070127362,-10.750000006185791,-1.3749999360584297
035_036__dissolve64,FaceSwap,1,dissolve64,1.0,8.481103577651083e-05,8.220189192797989e-05,-9.375000070127362,-9.406250034740847,-0.03124996461348495
036_035__dissolve32,FaceSwap,1,dissolve32,1.0,1.4285516954259947e-05,1.0451546586409677e-05,-11.15625004870971,-11.468750140203486,-0.3125000914937761
036_035__dissolve64,FaceSwap,1,dissolve64,1.0,1.4285516954259947e-05,2.0785171727766283e-05,-11.15625004870971,-10.781249937805207,0.37500011090450336
000_003__dissolve32,NeuralTextures,1,dissolve32,1.0,0.01640303246676922,0.00019716942915692925,-4.09375000306148,-8.531249963502866,-4.437499960441386
000_003__dissolve64,NeuralTextures,1,dissolve64,1.0,0.01640303246676922,0.00018522574100643396,-4.09375000306148,-8.593750012197523,-4.500000009136043
003_000__dissolve32,NeuralTextures,1,dissolve32,1.0,5.144221358932555e-05,0.008847354911267757,-9.875000002972097,-4.718750019575901,5.156249983396196
003_000__dissolve64,NeuralTextures,1,dissolve64,1.0,5.144221358932555e-05,0.31489264965057373,-9.875000002972097,-0.777343755840341,9.097656247131756
012_026__dissolve32,NeuralTextures,1,dissolve32,1.0,0.0014103584690019488,0.3328523337841034,-6.562500019608545,-0.6953124605011628,5.867187559107382
012_026__dissolve64,NeuralTextures,1,dissolve64,1.0,0.0014103584690019488,0.525338351726532,-6.562500019608545,0.1014403036926776,6.663940323301222
015_919__dissolve32,NeuralTextures,1,dissolve32,1.0,0.0018102108733728528,0.2140335589647293,-6.312500084579619,-1.3007812753143806,5.011718809265238
015_919__dissolve64,NeuralTextures,1,dissolve64,1.0,0.0018102108733728528,0.030908960849046707,-6.312500084579619,-3.4453124221517326,2.8671876624278863
024_073__dissolve32,NeuralTextures,1,dissolve32,1.0,0.07211220264434814,7.48462334740907e-05,-2.554687541376449,-9.499999920317618,-6.9453123789411695
024_073__dissolve64,NeuralTextures,1,dissolve64,1.0,0.07211220264434814,3.8831109122838825e-05,-2.554687541376449,-10.156250019210606,-7.6015624778341575
026_012__dissolve32,NeuralTextures,1,dissolve32,1.0,1.3420012692222372e-05,0.0019877743907272816,-11.218750060549265,-6.21874991010117,5.000000150448095
026_012__dissolve64,NeuralTextures,1,dissolve64,1.0,1.3420012692222372e-05,0.00021654403826687485,-11.218750060549265,-8.437500053710767,2.7812500068384978
029_048__dissolve32,NeuralTextures,1,dissolve32,1.0,0.56235671043396,0.011158030480146408,0.2507321934381812,-4.484375069600362,-4.735107263038543
029_048__dissolve64,NeuralTextures,1,dissolve64,1.0,0.56235671043396,0.1540575623512268,0.2507321934381812,-1.7031250026108704,-1.9538571960490516
035_036__dissolve32,NeuralTextures,1,dissolve32,1.0,0.14854055643081665,0.00048029725439846516,-1.7460938413383063,-7.640624953106192,-5.894531111767886
035_036__dissolve64,NeuralTextures,1,dissolve64,1.0,0.14854055643081665,0.00021654403826687485,-1.7460938413383063,-8.437500053710767,-6.691406212372462
