clip_id,source,label,kind,length,window_start,window_end,boundaries,detected,false_alarm,max_score
000__control,original,0,control,0,0,0,,,0,0.0024
000__hard_cut,original,0,hard_cut,0,128,128,127,1,,0.9907
000__fade8,original,0,fade,8,124,132,,0,,0.3836
000__fade16,original,0,fade,16,120,136,133,1,,0.544
000__fade32,original,0,fade,32,112,144,119 136,1,,0.5777
000__dissolve8,original,0,dissolve,8,124,132,127,1,,0.9482
000__dissolve16,original,0,dissolve,16,120,136,127,1,,0.9574
000__dissolve32,original,0,dissolve,32,112,144,128,1,,0.7646
000__dissolve64,original,0,dissolve,64,96,160,,0,,0.3257
003__control,original,0,control,0,0,0,,,0,0.0007
003__hard_cut,original,0,hard_cut,0,128,128,127,1,,0.9931
003__fade8,original,0,fade,8,124,132,130,1,,0.6244
003__fade16,original,0,fade,16,120,136,132,1,,0.7656
003__fade32,original,0,fade,32,112,144,136,1,,0.9019
003__dissolve8,original,0,dissolve,8,124,132,127,1,,0.9171
003__dissolve16,original,0,dissolve,16,120,136,127,1,,0.9481
003__dissolve32,original,0,dissolve,32,112,144,128,1,,0.6788
003__dissolve64,original,0,dissolve,64,96,160,,0,,0.1493
012__control,original,0,control,0,0,0,,,0,0.0996
012__hard_cut,original,0,hard_cut,0,128,128,127,1,,0.9945
012__fade8,original,0,fade,8,124,132,130,1,,0.5945
012__fade16,original,0,fade,16,120,136,132,1,,0.5759
012__fade32,original,0,fade,32,112,144,136,1,,0.6557
012__dissolve8,original,0,dissolve,8,124,132,127,1,,0.9914
012__dissolve16,original,0,dissolve,16,120,136,127,1,,0.8721
012__dissolve32,original,0,dissolve,32,112,144,128,1,,0.8335
012__dissolve64,original,0,dissolve,64,96,160,,0,,0.3628
015__control,original,0,control,0,0,0,,,0,0.0001
015__hard_cut,original,0,hard_cut,0,128,128,127,1,,0.98
015__fade8,original,0,fade,8,124,132,130,1,,0.6157
015__fade16,original,0,fade,16,120,136,132,1,,0.5709
015__fade32,original,0,fade,32,112,144,136,1,,0.6129
015__dissolve8,original,0,dissolve,8,124,132,127,1,,0.9791
015__dissolve16,original,0,dissolve,16,120,136,127,1,,0.9391
015__dissolve32,original,0,dissolve,32,112,144,128,1,,0.7375
015__dissolve64,original,0,dissolve,64,96,160,,0,,0.0636
024__control,original,0,control,0,0,0,,,0,0.3631
024__hard_cut,original,0,hard_cut,0,128,128,127,1,,0.9893
024__fade8,original,0,fade,8,124,132,128,1,,0.518
024__fade16,original,0,fade,16,120,136,,0,,0.4872
024__fade32,original,0,fade,32,112,144,119,1,,0.6393
024__dissolve8,original,0,dissolve,8,124,132,127,1,,0.9851
024__dissolve16,original,0,dissolve,16,120,136,127,1,,0.9854
024__dissolve32,original,0,dissolve,32,112,144,127,1,,0.7981
024__dissolve64,original,0,dissolve,64,96,160,,0,,0.2659
026__control,original,0,control,0,0,0,,,0,0.0004
026__hard_cut,original,0,hard_cut,0,128,128,127,1,,0.9867
026__fade8,original,0,fade,8,124,132,129,1,,0.8155
026__fade16,original,0,fade,16,120,136,132,1,,0.7356
026__fade32,original,0,fade,32,112,144,136,1,,0.7664
026__dissolve8,original,0,dissolve,8,124,132,127,1,,0.9778
026__dissolve16,original,0,dissolve,16,120,136,127,1,,0.9262
026__dissolve32,original,0,dissolve,32,112,144,127,1,,0.7063
026__dissolve64,original,0,dissolve,64,96,160,,0,,0.0327
029__control,original,0,control,0,0,0,,,0,0.0003
029__hard_cut,original,0,hard_cut,0,128,128,127,1,,0.9926
029__fade8,original,0,fade,8,124,132,130,1,,0.6107
029__fade16,original,0,fade,16,120,136,132,1,,0.7099
029__fade32,original,0,fade,32,112,144,136,1,,0.838
029__dissolve8,original,0,dissolve,8,124,132,127,1,,0.9777
029__dissolve16,original,0,dissolve,16,120,136,127,1,,0.9562
029__dissolve32,original,0,dissolve,32,112,144,128,1,,0.6889
029__dissolve64,original,0,dissolve,64,96,160,,0,,0.0442
035__control,original,0,control,0,0,0,,,0,0.0008
035__hard_cut,original,0,hard_cut,0,128,128,127,1,,0.9955
035__fade8,original,0,fade,8,124,132,130,1,,0.5153
035__fade16,original,0,fade,16,120,136,132,1,,0.5603
035__fade32,original,0,fade,32,112,144,136,1,,0.6362
035__dissolve8,original,0,dissolve,8,124,132,127,1,,0.9917
035__dissolve16,original,0,dissolve,16,120,136,127,1,,0.9545
035__dissolve32,original,0,dissolve,32,112,144,128,1,,0.7272
035__dissolve64,original,0,dissolve,64,96,160,,0,,0.1137
036__control,original,0,control,0,0,0,,,0,0.0092
036__hard_cut,original,0,hard_cut,0,128,128,127,1,,0.9949
036__fade8,original,0,fade,8,124,132,130,1,,0.6028
036__fade16,original,0,fade,16,120,136,132,1,,0.6518
036__fade32,original,0,fade,32,112,144,136,1,,0.6643
036__dissolve8,original,0,dissolve,8,124,132,127,1,,0.9863
036__dissolve16,original,0,dissolve,16,120,136,127,1,,0.9365
036__dissolve32,original,0,dissolve,32,112,144,127,1,,0.7681
036__dissolve64,original,0,dissolve,64,96,160,,0,,0.1316
044__control,original,0,control,0,0,0,,,0,0.0031
044__hard_cut,original,0,hard_cut,0,128,128,127,1,,0.9946
044__fade8,original,0,fade,8,124,132,130,1,,0.7108
044__fade16,original,0,fade,16,120,136,132,1,,0.6247
044__fade32,original,0,fade,32,112,144,136,1,,0.6664
044__dissolve8,original,0,dissolve,8,124,132,127,1,,0.9751
044__dissolve16,original,0,dissolve,16,120,136,127,1,,0.9166
044__dissolve32,original,0,dissolve,32,112,144,127,1,,0.7585
044__dissolve64,original,0,dissolve,64,96,160,,0,,0.0837
047__control,original,0,control,0,0,0,,,0,0.0025
047__hard_cut,original,0,hard_cut,0,128,128,127,1,,0.9934
047__fade8,original,0,fade,8,124,132,130,1,,0.5628
047__fade16,original,0,fade,16,120,136,132,1,,0.6421
047__fade32,original,0,fade,32,112,144,136,1,,0.7698
047__dissolve8,original,0,dissolve,8,124,132,127,1,,0.9947
047__dissolve16,original,0,dissolve,16,120,136,127,1,,0.9689
047__dissolve32,original,0,dissolve,32,112,144,128,1,,0.7608
047__dissolve64,original,0,dissolve,64,96,160,,0,,0.1358
048__control,original,0,control,0,0,0,,,0,0.0016
048__hard_cut,original,0,hard_cut,0,128,128,127,1,,0.9883
048__fade8,original,0,fade,8,124,132,128,1,,0.5381
048__fade16,original,0,fade,16,120,136,,0,,0.4795
048__fade32,original,0,fade,32,112,144,119,1,,0.5765
048__dissolve8,original,0,dissolve,8,124,132,127,1,,0.9816
048__dissolve16,original,0,dissolve,16,120,136,127,1,,0.9717
048__dissolve32,original,0,dissolve,32,112,144,127,1,,0.7985
048__dissolve64,original,0,dissolve,64,96,160,,0,,0.2604
073__control,original,0,control,0,0,0,,,0,0.0003
073__hard_cut,original,0,hard_cut,0,128,128,127,1,,0.9961
073__fade8,original,0,fade,8,124,132,130,1,,0.606
073__fade16,original,0,fade,16,120,136,132,1,,0.6554
073__fade32,original,0,fade,32,112,144,136,1,,0.7679
073__dissolve8,original,0,dissolve,8,124,132,127,1,,0.988
073__dissolve16,original,0,dissolve,16,120,136,127,1,,0.9662
073__dissolve32,original,0,dissolve,32,112,144,127,1,,0.719
073__dissolve64,original,0,dissolve,64,96,160,,0,,0.0855
078__control,original,0,control,0,0,0,,,0,0.0004
078__hard_cut,original,0,hard_cut,0,128,128,127 169 234,1,,0.9897
078__fade8,original,0,fade,8,124,132,130 169 234,1,,0.7456
078__fade16,original,0,fade,16,120,136,132 169 234,1,,0.7362
078__fade32,original,0,fade,32,112,144,119 136 169 234,1,,0.6887
078__dissolve8,original,0,dissolve,8,124,132,127 169 234,1,,0.9887
078__dissolve16,original,0,dissolve,16,120,136,127 169 234,1,,0.9723
078__dissolve32,original,0,dissolve,32,112,144,127 169 234,1,,0.7421
078__dissolve64,original,0,dissolve,64,96,160,169 234,0,,0.6892
102__control,original,0,control,0,0,0,,,0,0.0
102__hard_cut,original,0,hard_cut,0,128,128,127,1,,0.9917
102__fade8,original,0,fade,8,124,132,,0,,0.4589
102__fade16,original,0,fade,16,120,136,132,1,,0.5983
102__fade32,original,0,fade,32,112,144,136,1,,0.7446
102__dissolve8,original,0,dissolve,8,124,132,127,1,,0.9702
102__dissolve16,original,0,dissolve,16,120,136,127,1,,0.8941
102__dissolve32,original,0,dissolve,32,112,144,128,1,,0.7334
102__dissolve64,original,0,dissolve,64,96,160,,0,,0.1265
114__control,original,0,control,0,0,0,,,0,0.0
114__hard_cut,original,0,hard_cut,0,128,128,127,1,,0.9985
114__fade8,original,0,fade,8,124,132,130,1,,0.8111
114__fade16,original,0,fade,16,120,136,132,1,,0.7415
114__fade32,original,0,fade,32,112,144,135,1,,0.7869
114__dissolve8,original,0,dissolve,8,124,132,127,1,,0.9958
114__dissolve16,original,0,dissolve,16,120,136,127,1,,0.9491
114__dissolve32,original,0,dissolve,32,112,144,127,1,,0.7173
114__dissolve64,original,0,dissolve,64,96,160,,0,,0.0825
128__control,original,0,control,0,0,0,,,0,0.0008
128__hard_cut,original,0,hard_cut,0,128,128,127,1,,0.9901
128__fade8,original,0,fade,8,124,132,130,1,,0.6579
128__fade16,original,0,fade,16,120,136,132,1,,0.6689
128__fade32,original,0,fade,32,112,144,136,1,,0.7107
128__dissolve8,original,0,dissolve,8,124,132,127,1,,0.9827
128__dissolve16,original,0,dissolve,16,120,136,127,1,,0.782
128__dissolve32,original,0,dissolve,32,112,144,128,1,,0.7318
128__dissolve64,original,0,dissolve,64,96,160,,0,,0.1228
135__control,original,0,control,0,0,0,125,,1,0.5234
135__hard_cut,original,0,hard_cut,0,128,128,127,1,,0.9859
135__fade8,original,0,fade,8,124,132,129,1,,0.5482
135__fade16,original,0,fade,16,120,136,123,1,,0.519
135__fade32,original,0,fade,32,112,144,120 136,1,,0.6645
135__dissolve8,original,0,dissolve,8,124,132,127,1,,0.9386
135__dissolve16,original,0,dissolve,16,120,136,126,1,,0.9236
135__dissolve32,original,0,dissolve,32,112,144,128,1,,0.6711
135__dissolve64,original,0,dissolve,64,96,160,,0,,0.3917
138__control,original,0,control,0,0,0,,,0,0.0001
138__hard_cut,original,0,hard_cut,0,128,128,127,1,,0.988
138__fade8,original,0,fade,8,124,132,125 128,1,,0.5278
138__fade16,original,0,fade,16,120,136,,0,,0.4552
138__fade32,original,0,fade,32,112,144,136,1,,0.5353
138__dissolve8,original,0,dissolve,8,124,132,127,1,,0.9901
138__dissolve16,original,0,dissolve,16,120,136,127,1,,0.9674
138__dissolve32,original,0,dissolve,32,112,144,128,1,,0.78
138__dissolve64,original,0,dissolve,64,96,160,,0,,0.1054
141__control,original,0,control,0,0,0,,,0,0.0396
141__hard_cut,original,0,hard_cut,0,128,128,127,1,,0.979
141__fade8,original,0,fade,8,124,132,130,1,,0.5165
141__fade16,original,0,fade,16,120,136,132,1,,0.6609
141__fade32,original,0,fade,32,112,144,136,1,,0.8198
141__dissolve8,original,0,dissolve,8,124,132,127,1,,0.9278
141__dissolve16,original,0,dissolve,16,120,136,127,1,,0.7887
141__dissolve32,original,0,dissolve,32,112,144,128,1,,0.6371
141__dissolve64,original,0,dissolve,64,96,160,,0,,0.1154
142__control,original,0,control,0,0,0,,,0,0.0006
142__hard_cut,original,0,hard_cut,0,128,128,127,1,,0.9931
142__fade8,original,0,fade,8,124,132,130,1,,0.8706
142__fade16,original,0,fade,16,120,136,132,1,,0.8945
142__fade32,original,0,fade,32,112,144,135,1,,0.9041
142__dissolve8,original,0,dissolve,8,124,132,127,1,,0.97
142__dissolve16,original,0,dissolve,16,120,136,127,1,,0.7901
142__dissolve32,original,0,dissolve,32,112,144,127,1,,0.7366
142__dissolve64,original,0,dissolve,64,96,160,,0,,0.055
154__control,original,0,control,0,0,0,,,0,0.0001
154__hard_cut,original,0,hard_cut,0,128,128,127,1,,0.9956
154__fade8,original,0,fade,8,124,132,,0,,0.4898
154__fade16,original,0,fade,16,120,136,132,1,,0.5034
154__fade32,original,0,fade,32,112,144,136,1,,0.6019
154__dissolve8,original,0,dissolve,8,124,132,127,1,,0.9982
154__dissolve16,original,0,dissolve,16,120,136,127,1,,0.9896
154__dissolve32,original,0,dissolve,32,112,144,128,1,,0.8434
154__dissolve64,original,0,dissolve,64,96,160,,0,,0.2065
158__control,original,0,control,0,0,0,,,0,0.2008
158__hard_cut,original,0,hard_cut,0,128,128,127,1,,0.9978
158__fade8,original,0,fade,8,124,132,130,1,,0.5883
158__fade16,original,0,fade,16,120,136,132,1,,0.8073
158__fade32,original,0,fade,32,112,144,135,1,,0.761
158__dissolve8,original,0,dissolve,8,124,132,127,1,,0.9926
158__dissolve16,original,0,dissolve,16,120,136,127,1,,0.9193
158__dissolve32,original,0,dissolve,32,112,144,127,1,,0.7922
158__dissolve64,original,0,dissolve,64,96,160,,0,,0.203
161__control,original,0,control,0,0,0,,,0,0.0001
161__hard_cut,original,0,hard_cut,0,128,128,127,1,,0.9939
161__fade8,original,0,fade,8,124,132,,0,,0.4652
161__fade16,original,0,fade,16,120,136,,0,,0.4869
161__fade32,original,0,fade,32,112,144,136,1,,0.5764
161__dissolve8,original,0,dissolve,8,124,132,127,1,,0.9889
161__dissolve16,original,0,dissolve,16,120,136,127,1,,0.9648
161__dissolve32,original,0,dissolve,32,112,144,127,1,,0.749
161__dissolve64,original,0,dissolve,64,96,160,,0,,0.1431
169__control,original,0,control,0,0,0,,,0,0.001
169__hard_cut,original,0,hard_cut,0,128,128,127,1,,0.997
169__fade8,original,0,fade,8,124,132,128 130,1,,0.5314
169__fade16,original,0,fade,16,120,136,123,1,,0.5302
169__fade32,original,0,fade,32,112,144,119,1,,0.5511
169__dissolve8,original,0,dissolve,8,124,132,127,1,,0.9965
169__dissolve16,original,0,dissolve,16,120,136,127,1,,0.9851
169__dissolve32,original,0,dissolve,32,112,144,127,1,,0.8271
169__dissolve64,original,0,dissolve,64,96,160,,0,,0.4765
170__control,original,0,control,0,0,0,,,0,0.0069
170__hard_cut,original,0,hard_cut,0,128,128,127,1,,0.9951
170__fade8,original,0,fade,8,124,132,,0,,0.3644
170__fade16,original,0,fade,16,120,136,,0,,0.4628
170__fade32,original,0,fade,32,112,144,119,1,,0.5954
170__dissolve8,original,0,dissolve,8,124,132,127,1,,0.9656
170__dissolve16,original,0,dissolve,16,120,136,127,1,,0.907
170__dissolve32,original,0,dissolve,32,112,144,128,1,,0.742
170__dissolve64,original,0,dissolve,64,96,160,,0,,0.4042
176__control,original,0,control,0,0,0,,,0,0.001
176__hard_cut,original,0,hard_cut,0,128,128,127,1,,0.988
176__fade8,original,0,fade,8,124,132,130,1,,0.5716
176__fade16,original,0,fade,16,120,136,132,1,,0.5793
176__fade32,original,0,fade,32,112,144,136,1,,0.7002
176__dissolve8,original,0,dissolve,8,124,132,127,1,,0.9873
176__dissolve16,original,0,dissolve,16,120,136,127,1,,0.9549
176__dissolve32,original,0,dissolve,32,112,144,127,1,,0.7207
176__dissolve64,original,0,dissolve,64,96,160,,0,,0.0578
186__control,original,0,control,0,0,0,,,0,0.0006
186__hard_cut,original,0,hard_cut,0,128,128,127,1,,0.9933
186__fade8,original,0,fade,8,124,132,130,1,,0.5453
186__fade16,original,0,fade,16,120,136,132,1,,0.5155
186__fade32,original,0,fade,32,112,144,136,1,,0.6738
186__dissolve8,original,0,dissolve,8,124,132,127,1,,0.9895
186__dissolve16,original,0,dissolve,16,120,136,127,1,,0.9613
186__dissolve32,original,0,dissolve,32,112,144,127,1,,0.8278
186__dissolve64,original,0,dissolve,64,96,160,,0,,0.2755
190__control,original,0,control,0,0,0,,,0,0.0013
190__hard_cut,original,0,hard_cut,0,128,128,127,1,,0.9879
190__fade8,original,0,fade,8,124,132,130,1,,0.6828
190__fade16,original,0,fade,16,120,136,132,1,,0.841
190__fade32,original,0,fade,32,112,144,136,1,,0.9239
190__dissolve8,original,0,dissolve,8,124,132,127,1,,0.9444
190__dissolve16,original,0,dissolve,16,120,136,127,1,,0.9048
190__dissolve32,original,0,dissolve,32,112,144,127,1,,0.7223
190__dissolve64,original,0,dissolve,64,96,160,,0,,0.2212
214__control,original,0,control,0,0,0,,,0,0.0044
214__hard_cut,original,0,hard_cut,0,128,128,127,1,,0.9894
214__fade8,original,0,fade,8,124,132,,0,,0.4854
214__fade16,original,0,fade,16,120,136,,0,,0.4881
214__fade32,original,0,fade,32,112,144,119 136,1,,0.5412
214__dissolve8,original,0,dissolve,8,124,132,127,1,,0.8569
214__dissolve16,original,0,dissolve,16,120,136,127,1,,0.8205
214__dissolve32,original,0,dissolve,32,112,144,128,1,,0.7177
214__dissolve64,original,0,dissolve,64,96,160,,0,,0.1077
219__control,original,0,control,0,0,0,169 234,,1,0.7581
219__hard_cut,original,0,hard_cut,0,128,128,127,1,,0.9786
219__fade8,original,0,fade,8,124,132,130,1,,0.5487
219__fade16,original,0,fade,16,120,136,123,1,,0.5542
219__fade32,original,0,fade,32,112,144,119 136,1,,0.5838
219__dissolve8,original,0,dissolve,8,124,132,127,1,,0.9344
219__dissolve16,original,0,dissolve,16,120,136,127,1,,0.8631
219__dissolve32,original,0,dissolve,32,112,144,128,1,,0.6306
219__dissolve64,original,0,dissolve,64,96,160,,0,,0.1148
220__control,original,0,control,0,0,0,,,0,0.0002
220__hard_cut,original,0,hard_cut,0,128,128,127,1,,0.9949
220__fade8,original,0,fade,8,124,132,130,1,,0.5968
220__fade16,original,0,fade,16,120,136,,0,,0.4931
220__fade32,original,0,fade,32,112,144,136,1,,0.6026
220__dissolve8,original,0,dissolve,8,124,132,127,1,,0.9942
220__dissolve16,original,0,dissolve,16,120,136,127,1,,0.9787
220__dissolve32,original,0,dissolve,32,112,144,128,1,,0.7785
220__dissolve64,original,0,dissolve,64,96,160,,0,,0.2109
227__control,original,0,control,0,0,0,,,0,0.0309
227__hard_cut,original,0,hard_cut,0,128,128,127,1,,0.9954
227__fade8,original,0,fade,8,124,132,130,1,,0.6019
227__fade16,original,0,fade,16,120,136,132,1,,0.6465
227__fade32,original,0,fade,32,112,144,136,1,,0.8216
227__dissolve8,original,0,dissolve,8,124,132,127,1,,0.9739
227__dissolve16,original,0,dissolve,16,120,136,127,1,,0.9415
227__dissolve32,original,0,dissolve,32,112,144,128,1,,0.7858
227__dissolve64,original,0,dissolve,64,96,160,,0,,0.1263
233__control,original,0,control,0,0,0,,,0,0.4651
233__hard_cut,original,0,hard_cut,0,128,128,127,1,,0.9937
233__fade8,original,0,fade,8,124,132,,0,,0.4718
233__fade16,original,0,fade,16,120,136,,0,,0.4651
233__fade32,original,0,fade,32,112,144,136,1,,0.6071
233__dissolve8,original,0,dissolve,8,124,132,127,1,,0.9724
233__dissolve16,original,0,dissolve,16,120,136,127,1,,0.9248
233__dissolve32,original,0,dissolve,32,112,144,128,1,,0.7232
233__dissolve64,original,0,dissolve,64,96,160,,0,,0.4651
249__control,original,0,control,0,0,0,,,0,0.015
249__hard_cut,original,0,hard_cut,0,128,128,127,1,,0.9995
249__fade8,original,0,fade,8,124,132,125,1,,0.6469
249__fade16,original,0,fade,16,120,136,132,1,,0.626
249__fade32,original,0,fade,32,112,144,136,1,,0.5862
249__dissolve8,original,0,dissolve,8,124,132,127,1,,0.9988
249__dissolve16,original,0,dissolve,16,120,136,127,1,,0.997
249__dissolve32,original,0,dissolve,32,112,144,127,1,,0.8198
249__dissolve64,original,0,dissolve,64,96,160,,0,,0.1766
255__control,original,0,control,0,0,0,,,0,0.0028
255__hard_cut,original,0,hard_cut,0,128,128,127,1,,0.9995
255__fade8,original,0,fade,8,124,132,125,1,,0.5362
255__fade16,original,0,fade,16,120,136,132,1,,0.6012
255__fade32,original,0,fade,32,112,144,135,1,,0.6396
255__dissolve8,original,0,dissolve,8,124,132,127,1,,0.9988
255__dissolve16,original,0,dissolve,16,120,136,127,1,,0.9922
255__dissolve32,original,0,dissolve,32,112,144,127,1,,0.777
255__dissolve64,original,0,dissolve,64,96,160,,0,,0.2485
257__control,original,0,control,0,0,0,,,0,0.0214
257__hard_cut,original,0,hard_cut,0,128,128,127,1,,0.9923
257__fade8,original,0,fade,8,124,132,130,1,,0.5901
257__fade16,original,0,fade,16,120,136,132,1,,0.5233
257__fade32,original,0,fade,32,112,144,136,1,,0.6143
257__dissolve8,original,0,dissolve,8,124,132,127,1,,0.8268
257__dissolve16,original,0,dissolve,16,120,136,127,1,,0.9012
257__dissolve32,original,0,dissolve,32,112,144,128,1,,0.755
257__dissolve64,original,0,dissolve,64,96,160,,0,,0.1004
278__control,original,0,control,0,0,0,,,0,0.0004
278__hard_cut,original,0,hard_cut,0,128,128,127,1,,0.9865
278__fade8,original,0,fade,8,124,132,130,1,,0.5171
278__fade16,original,0,fade,16,120,136,,0,,0.4985
278__fade32,original,0,fade,32,112,144,120 136,1,,0.6892
278__dissolve8,original,0,dissolve,8,124,132,127,1,,0.9435
278__dissolve16,original,0,dissolve,16,120,136,128,1,,0.9603
278__dissolve32,original,0,dissolve,32,112,144,129,1,,0.7491
278__dissolve64,original,0,dissolve,64,96,160,,0,,0.1391
280__control,original,0,control,0,0,0,,,0,0.0005
280__hard_cut,original,0,hard_cut,0,128,128,127,1,,0.9915
280__fade8,original,0,fade,8,124,132,129,1,,0.6535
280__fade16,original,0,fade,16,120,136,132,1,,0.5976
280__fade32,original,0,fade,32,112,144,136,1,,0.7552
280__dissolve8,original,0,dissolve,8,124,132,127,1,,0.9616
280__dissolve16,original,0,dissolve,16,120,136,127,1,,0.8754
280__dissolve32,original,0,dissolve,32,112,144,128,1,,0.7961
280__dissolve64,original,0,dissolve,64,96,160,,0,,0.1779
288__control,original,0,control,0,0,0,,,0,0.0002
288__hard_cut,original,0,hard_cut,0,128,128,127,1,,0.9974
288__fade8,original,0,fade,8,124,132,130,1,,0.5249
288__fade16,original,0,fade,16,120,136,132,1,,0.621
288__fade32,original,0,fade,32,112,144,136,1,,0.7067
288__dissolve8,original,0,dissolve,8,124,132,127,1,,0.9966
288__dissolve16,original,0,dissolve,16,120,136,127,1,,0.8329
288__dissolve32,original,0,dissolve,32,112,144,128,1,,0.8069
288__dissolve64,original,0,dissolve,64,96,160,,0,,0.1884
306__control,original,0,control,0,0,0,,,0,0.0001
306__hard_cut,original,0,hard_cut,0,128,128,127,1,,0.9958
306__fade8,original,0,fade,8,124,132,,0,,0.4843
306__fade16,original,0,fade,16,120,136,123,1,,0.5022
306__fade32,original,0,fade,32,112,144,119,1,,0.7338
306__dissolve8,original,0,dissolve,8,124,132,127,1,,0.9889
306__dissolve16,original,0,dissolve,16,120,136,127,1,,0.983
306__dissolve32,original,0,dissolve,32,112,144,127,1,,0.7797
306__dissolve64,original,0,dissolve,64,96,160,,0,,0.2436
308__control,original,0,control,0,0,0,,,0,0.0
308__hard_cut,original,0,hard_cut,0,128,128,127,1,,0.9801
308__fade8,original,0,fade,8,124,132,125 127,1,,0.5227
308__fade16,original,0,fade,16,120,136,125,1,,0.5134
308__fade32,original,0,fade,32,112,144,119 136,1,,0.572
308__dissolve8,original,0,dissolve,8,124,132,127,1,,0.9917
308__dissolve16,original,0,dissolve,16,120,136,127,1,,0.9626
308__dissolve32,original,0,dissolve,32,112,144,128,1,,0.6988
308__dissolve64,original,0,dissolve,64,96,160,,0,,0.2712
314__control,original,0,control,0,0,0,,,0,0.0
314__hard_cut,original,0,hard_cut,0,128,128,127,1,,0.9962
314__fade8,original,0,fade,8,124,132,130,1,,0.8443
314__fade16,original,0,fade,16,120,136,132,1,,0.8661
314__fade32,original,0,fade,32,112,144,136,1,,0.9493
314__dissolve8,original,0,dissolve,8,124,132,127,1,,0.9378
314__dissolve16,original,0,dissolve,16,120,136,127,1,,0.8862
314__dissolve32,original,0,dissolve,32,112,144,128,1,,0.7804
314__dissolve64,original,0,dissolve,64,96,160,,0,,0.228
319__control,original,0,control,0,0,0,,,0,0.0005
319__hard_cut,original,0,hard_cut,0,128,128,127,1,,0.9962
319__fade8,original,0,fade,8,124,132,130,1,,0.5543
319__fade16,original,0,fade,16,120,136,,0,,0.4979
319__fade32,original,0,fade,32,112,144,119,1,,0.6196
319__dissolve8,original,0,dissolve,8,124,132,127,1,,0.9569
319__dissolve16,original,0,dissolve,16,120,136,127,1,,0.9583
319__dissolve32,original,0,dissolve,32,112,144,127,1,,0.7896
319__dissolve64,original,0,dissolve,64,96,160,,0,,0.2844
321__control,original,0,control,0,0,0,,,0,0.0007
321__hard_cut,original,0,hard_cut,0,128,128,127,1,,0.9929
321__fade8,original,0,fade,8,124,132,,0,,0.4617
321__fade16,original,0,fade,16,120,136,,0,,0.432
321__fade32,original,0,fade,32,112,144,136,1,,0.6421
321__dissolve8,original,0,dissolve,8,124,132,127,1,,0.9885
321__dissolve16,original,0,dissolve,16,120,136,127,1,,0.9841
321__dissolve32,original,0,dissolve,32,112,144,127,1,,0.7252
321__dissolve64,original,0,dissolve,64,96,160,,0,,0.1843
347__control,original,0,control,0,0,0,,,0,0.0002
347__hard_cut,original,0,hard_cut,0,128,128,127,1,,0.9906
347__fade8,original,0,fade,8,124,132,130,1,,0.5811
347__fade16,original,0,fade,16,120,136,132,1,,0.5216
347__fade32,original,0,fade,32,112,144,136,1,,0.544
347__dissolve8,original,0,dissolve,8,124,132,127,1,,0.9824
347__dissolve16,original,0,dissolve,16,120,136,127,1,,0.8943
347__dissolve32,original,0,dissolve,32,112,144,127,1,,0.7651
347__dissolve64,original,0,dissolve,64,96,160,,0,,0.1073
352__control,original,0,control,0,0,0,,,0,0.0094
352__hard_cut,original,0,hard_cut,0,128,128,127,1,,0.9873
352__fade8,original,0,fade,8,124,132,130,1,,0.6462
352__fade16,original,0,fade,16,120,136,132,1,,0.6233
352__fade32,original,0,fade,32,112,144,136,1,,0.7401
352__dissolve8,original,0,dissolve,8,124,132,127,1,,0.9805
352__dissolve16,original,0,dissolve,16,120,136,127,1,,0.9303
352__dissolve32,original,0,dissolve,32,112,144,128,1,,0.6391
352__dissolve64,original,0,dissolve,64,96,160,,0,,0.0807
358__control,original,0,control,0,0,0,,,0,0.0006
358__hard_cut,original,0,hard_cut,0,128,128,127,1,,0.999
358__fade8,original,0,fade,8,124,132,130,1,,0.7468
358__fade16,original,0,fade,16,120,136,132,1,,0.8219
358__fade32,original,0,fade,32,112,144,135,1,,0.7948
358__dissolve8,original,0,dissolve,8,124,132,127,1,,0.9941
358__dissolve16,original,0,dissolve,16,120,136,127,1,,0.9202
358__dissolve32,original,0,dissolve,32,112,144,128,1,,0.7985
358__dissolve64,original,0,dissolve,64,96,160,,0,,0.2316
367__control,original,0,control,0,0,0,,,0,0.0007
367__hard_cut,original,0,hard_cut,0,128,128,127,1,,0.9936
367__fade8,original,0,fade,8,124,132,128,1,,0.5592
367__fade16,original,0,fade,16,120,136,123,1,,0.5409
367__fade32,original,0,fade,32,112,144,136,1,,0.5031
367__dissolve8,original,0,dissolve,8,124,132,127,1,,0.9941
367__dissolve16,original,0,dissolve,16,120,136,127,1,,0.9815
367__dissolve32,original,0,dissolve,32,112,144,127,1,,0.8032
367__dissolve64,original,0,dissolve,64,96,160,,0,,0.2895
371__control,original,0,control,0,0,0,,,0,0.0001
371__hard_cut,original,0,hard_cut,0,128,128,127,1,,0.9943
371__fade8,original,0,fade,8,124,132,130,1,,0.8771
371__fade16,original,0,fade,16,120,136,132,1,,0.7995
371__fade32,original,0,fade,32,112,144,136,1,,0.8314
371__dissolve8,original,0,dissolve,8,124,132,127,1,,0.992
371__dissolve16,original,0,dissolve,16,120,136,127,1,,0.9757
371__dissolve32,original,0,dissolve,32,112,144,127,1,,0.7402
371__dissolve64,original,0,dissolve,64,96,160,,0,,0.1699
376__control,original,0,control,0,0,0,,,0,0.0003
376__hard_cut,original,0,hard_cut,0,128,128,127 172,1,,0.9771
376__fade8,original,0,fade,8,124,132,130 172,1,,0.7541
376__fade16,original,0,fade,16,120,136,132 172,1,,0.7183
376__fade32,original,0,fade,32,112,144,136 172,1,,0.8267
376__dissolve8,original,0,dissolve,8,124,132,127 172,1,,0.9064
376__dissolve16,original,0,dissolve,16,120,136,127 172,1,,0.9165
376__dissolve32,original,0,dissolve,32,112,144,127 172,1,,0.6115
376__dissolve64,original,0,dissolve,64,96,160,172,0,,0.5109
379__control,original,0,control,0,0,0,,,0,0.0008
379__hard_cut,original,0,hard_cut,0,128,128,127,1,,0.9984
379__fade8,original,0,fade,8,124,132,128,1,,0.5387
379__fade16,original,0,fade,16,120,136,123,1,,0.6202
379__fade32,original,0,fade,32,112,144,119,1,,0.5121
379__dissolve8,original,0,dissolve,8,124,132,127,1,,0.9909
379__dissolve16,original,0,dissolve,16,120,136,127,1,,0.8836
379__dissolve32,original,0,dissolve,32,112,144,128,1,,0.7789
379__dissolve64,original,0,dissolve,64,96,160,,0,,0.4602
380__control,original,0,control,0,0,0,,,0,0.0
380__hard_cut,original,0,hard_cut,0,128,128,127,1,,0.996
380__fade8,original,0,fade,8,124,132,130,1,,0.6043
380__fade16,original,0,fade,16,120,136,132,1,,0.5812
380__fade32,original,0,fade,32,112,144,136,1,,0.5897
380__dissolve8,original,0,dissolve,8,124,132,127,1,,0.9717
380__dissolve16,original,0,dissolve,16,120,136,127,1,,0.9319
380__dissolve32,original,0,dissolve,32,112,144,128,1,,0.7913
380__dissolve64,original,0,dissolve,64,96,160,,0,,0.106
381__control,original,0,control,0,0,0,,,0,0.0035
381__hard_cut,original,0,hard_cut,0,128,128,127,1,,0.9898
381__fade8,original,0,fade,8,124,132,,0,,0.4796
381__fade16,original,0,fade,16,120,136,132,1,,0.5972
381__fade32,original,0,fade,32,112,144,136,1,,0.7961
381__dissolve8,original,0,dissolve,8,124,132,127,1,,0.971
381__dissolve16,original,0,dissolve,16,120,136,127,1,,0.9741
381__dissolve32,original,0,dissolve,32,112,144,128,1,,0.6593
381__dissolve64,original,0,dissolve,64,96,160,,0,,0.0337
384__control,original,0,control,0,0,0,,,0,0.0002
384__hard_cut,original,0,hard_cut,0,128,128,127,1,,0.9874
384__fade8,original,0,fade,8,124,132,,0,,0.4987
384__fade16,original,0,fade,16,120,136,,0,,0.4956
384__fade32,original,0,fade,32,112,144,136,1,,0.6171
384__dissolve8,original,0,dissolve,8,124,132,127,1,,0.9963
384__dissolve16,original,0,dissolve,16,120,136,127,1,,0.9762
384__dissolve32,original,0,dissolve,32,112,144,127,1,,0.7847
384__dissolve64,original,0,dissolve,64,96,160,,0,,0.1195
386__control,original,0,control,0,0,0,,,0,0.0067
386__hard_cut,original,0,hard_cut,0,128,128,127,1,,0.9929
386__fade8,original,0,fade,8,124,132,125,1,,0.8071
386__fade16,original,0,fade,16,120,136,123,1,,0.6496
386__fade32,original,0,fade,32,112,144,119,1,,0.8111
386__dissolve8,original,0,dissolve,8,124,132,127,1,,0.9339
386__dissolve16,original,0,dissolve,16,120,136,127,1,,0.9708
386__dissolve32,original,0,dissolve,32,112,144,127,1,,0.8411
386__dissolve64,original,0,dissolve,64,96,160,,0,,0.4812
388__control,original,0,control,0,0,0,,,0,0.0104
388__hard_cut,original,0,hard_cut,0,128,128,127,1,,0.9846
388__fade8,original,0,fade,8,124,132,129,1,,0.6221
388__fade16,original,0,fade,16,120,136,132,1,,0.5223
388__fade32,original,0,fade,32,112,144,135,1,,0.5597
388__dissolve8,original,0,dissolve,8,124,132,127,1,,0.9931
388__dissolve16,original,0,dissolve,16,120,136,127,1,,0.9714
388__dissolve32,original,0,dissolve,32,112,144,128,1,,0.7624
388__dissolve64,original,0,dissolve,64,96,160,,0,,0.0792
389__control,original,0,control,0,0,0,,,0,0.0002
389__hard_cut,original,0,hard_cut,0,128,128,127,1,,0.9895
389__fade8,original,0,fade,8,124,132,,0,,0.4887
389__fade16,original,0,fade,16,120,136,132,1,,0.5495
389__fade32,original,0,fade,32,112,144,136,1,,0.5976
389__dissolve8,original,0,dissolve,8,124,132,127,1,,0.9528
389__dissolve16,original,0,dissolve,16,120,136,127,1,,0.8779
389__dissolve32,original,0,dissolve,32,112,144,127,1,,0.782
389__dissolve64,original,0,dissolve,64,96,160,,0,,0.0853
399__control,original,0,control,0,0,0,,,0,0.0009
399__hard_cut,original,0,hard_cut,0,128,128,127,1,,0.9947
399__fade8,original,0,fade,8,124,132,,0,,0.4861
399__fade16,original,0,fade,16,120,136,,0,,0.4573
399__fade32,original,0,fade,32,112,144,119 136,1,,0.531
399__dissolve8,original,0,dissolve,8,124,132,127,1,,0.9898
399__dissolve16,original,0,dissolve,16,120,136,127,1,,0.9729
399__dissolve32,original,0,dissolve,32,112,144,127,1,,0.7827
399__dissolve64,original,0,dissolve,64,96,160,,0,,0.1499
404__control,original,0,control,0,0,0,107 172,,1,0.6329
404__hard_cut,original,0,hard_cut,0,128,128,127,1,,0.9859
404__fade8,original,0,fade,8,124,132,130,1,,0.5784
404__fade16,original,0,fade,16,120,136,,0,,0.4699
404__fade32,original,0,fade,32,112,144,136,1,,0.5637
404__dissolve8,original,0,dissolve,8,124,132,127,1,,0.9792
404__dissolve16,original,0,dissolve,16,120,136,127,1,,0.9757
404__dissolve32,original,0,dissolve,32,112,144,107 128,1,,0.7057
404__dissolve64,original,0,dissolve,64,96,160,107,1,,0.6806
418__control,original,0,control,0,0,0,,,0,0.0006
418__hard_cut,original,0,hard_cut,0,128,128,127,1,,0.9904
418__fade8,original,0,fade,8,124,132,130,1,,0.6456
418__fade16,original,0,fade,16,120,136,132,1,,0.6838
418__fade32,original,0,fade,32,112,144,135,1,,0.7069
418__dissolve8,original,0,dissolve,8,124,132,128,1,,0.9432
418__dissolve16,original,0,dissolve,16,120,136,128,1,,0.9831
418__dissolve32,original,0,dissolve,32,112,144,129,1,,0.7234
418__dissolve64,original,0,dissolve,64,96,160,,0,,0.3024
420__control,original,0,control,0,0,0,,,0,0.0087
420__hard_cut,original,0,hard_cut,0,128,128,127,1,,0.995
420__fade8,original,0,fade,8,124,132,,0,,0.4974
420__fade16,original,0,fade,16,120,136,,0,,0.4142
420__fade32,original,0,fade,32,112,144,119,1,,0.5256
420__dissolve8,original,0,dissolve,8,124,132,127,1,,0.9522
420__dissolve16,original,0,dissolve,16,120,136,127,1,,0.9323
420__dissolve32,original,0,dissolve,32,112,144,127,1,,0.8101
420__dissolve64,original,0,dissolve,64,96,160,,0,,0.2191
421__control,original,0,control,0,0,0,,,0,0.0002
421__hard_cut,original,0,hard_cut,0,128,128,127,1,,0.9892
421__fade8,original,0,fade,8,124,132,130,1,,0.6668
421__fade16,original,0,fade,16,120,136,132,1,,0.7659
421__fade32,original,0,fade,32,112,144,136,1,,0.9145
421__dissolve8,original,0,dissolve,8,124,132,127,1,,0.776
421__dissolve16,original,0,dissolve,16,120,136,128,1,,0.9729
421__dissolve32,original,0,dissolve,32,112,144,128,1,,0.7324
421__dissolve64,original,0,dissolve,64,96,160,,0,,0.1581
422__control,original,0,control,0,0,0,,,0,0.0052
422__hard_cut,original,0,hard_cut,0,128,128,127,1,,0.9942
422__fade8,original,0,fade,8,124,132,130,1,,0.9012
422__fade16,original,0,fade,16,120,136,132,1,,0.9375
422__fade32,original,0,fade,32,112,144,136,1,,0.9641
422__dissolve8,original,0,dissolve,8,124,132,127,1,,0.9493
422__dissolve16,original,0,dissolve,16,120,136,127,1,,0.9419
422__dissolve32,original,0,dissolve,32,112,144,127,1,,0.7628
422__dissolve64,original,0,dissolve,64,96,160,,0,,0.2818
423__control,original,0,control,0,0,0,,,0,0.0003
423__hard_cut,original,0,hard_cut,0,128,128,127,1,,0.9977
423__fade8,original,0,fade,8,124,132,129,1,,0.607
423__fade16,original,0,fade,16,120,136,132,1,,0.5291
423__fade32,original,0,fade,32,112,144,136,1,,0.6504
423__dissolve8,original,0,dissolve,8,124,132,127,1,,0.9941
423__dissolve16,original,0,dissolve,16,120,136,127,1,,0.9607
423__dissolve32,original,0,dissolve,32,112,144,127,1,,0.7536
423__dissolve64,original,0,dissolve,64,96,160,,0,,0.1029
425__control,original,0,control,0,0,0,,,0,0.0031
425__hard_cut,original,0,hard_cut,0,128,128,127,1,,0.9956
425__fade8,original,0,fade,8,124,132,,0,,0.4135
425__fade16,original,0,fade,16,120,136,132,1,,0.5106
425__fade32,original,0,fade,32,112,144,136,1,,0.7298
425__dissolve8,original,0,dissolve,8,124,132,127,1,,0.9965
425__dissolve16,original,0,dissolve,16,120,136,127,1,,0.964
425__dissolve32,original,0,dissolve,32,112,144,127,1,,0.72
425__dissolve64,original,0,dissolve,64,96,160,,0,,0.1473
429__control,original,0,control,0,0,0,,,0,0.0063
429__hard_cut,original,0,hard_cut,0,128,128,127,1,,0.9977
429__fade8,original,0,fade,8,124,132,130,1,,0.5143
429__fade16,original,0,fade,16,120,136,132,1,,0.5305
429__fade32,original,0,fade,32,112,144,136,1,,0.5572
429__dissolve8,original,0,dissolve,8,124,132,127,1,,0.9953
429__dissolve16,original,0,dissolve,16,120,136,127,1,,0.9872
429__dissolve32,original,0,dissolve,32,112,144,127,1,,0.7717
429__dissolve64,original,0,dissolve,64,96,160,,0,,0.2405
445__control,original,0,control,0,0,0,,,0,0.0002
445__hard_cut,original,0,hard_cut,0,128,128,127,1,,0.9921
445__fade8,original,0,fade,8,124,132,124 130,1,,0.6399
445__fade16,original,0,fade,16,120,136,123 132,1,,0.5395
445__fade32,original,0,fade,32,112,144,136,1,,0.5875
445__dissolve8,original,0,dissolve,8,124,132,127,1,,0.9822
445__dissolve16,original,0,dissolve,16,120,136,127,1,,0.9587
445__dissolve32,original,0,dissolve,32,112,144,127,1,,0.713
445__dissolve64,original,0,dissolve,64,96,160,,0,,0.1118
452__control,original,0,control,0,0,0,,,0,0.0001
452__hard_cut,original,0,hard_cut,0,128,128,127,1,,0.9872
452__fade8,original,0,fade,8,124,132,130,1,,0.6976
452__fade16,original,0,fade,16,120,136,132,1,,0.5145
452__fade32,original,0,fade,32,112,144,136,1,,0.5992
452__dissolve8,original,0,dissolve,8,124,132,127,1,,0.9859
452__dissolve16,original,0,dissolve,16,120,136,127,1,,0.9439
452__dissolve32,original,0,dissolve,32,112,144,128,1,,0.7085
452__dissolve64,original,0,dissolve,64,96,160,,0,,0.0228
454__control,original,0,control,0,0,0,,,0,0.0006
454__hard_cut,original,0,hard_cut,0,128,128,127,1,,0.993
454__fade8,original,0,fade,8,124,132,130,1,,0.622
454__fade16,original,0,fade,16,120,136,132,1,,0.5804
454__fade32,original,0,fade,32,112,144,136,1,,0.6857
454__dissolve8,original,0,dissolve,8,124,132,127,1,,0.9894
454__dissolve16,original,0,dissolve,16,120,136,127,1,,0.9792
454__dissolve32,original,0,dissolve,32,112,144,128,1,,0.8289
454__dissolve64,original,0,dissolve,64,96,160,,0,,0.1615
000_003__control,Deepfakes,1,control,0,0,0,,,0,0.0024
000_003__hard_cut,Deepfakes,1,hard_cut,0,128,128,127,1,,0.9907
000_003__fade8,Deepfakes,1,fade,8,124,132,,0,,0.3827
000_003__fade16,Deepfakes,1,fade,16,120,136,133,1,,0.5432
000_003__fade32,Deepfakes,1,fade,32,112,144,119 136,1,,0.5732
000_003__dissolve8,Deepfakes,1,dissolve,8,124,132,127,1,,0.9511
000_003__dissolve16,Deepfakes,1,dissolve,16,120,136,127,1,,0.9576
000_003__dissolve32,Deepfakes,1,dissolve,32,112,144,128,1,,0.7592
000_003__dissolve64,Deepfakes,1,dissolve,64,96,160,,0,,0.3158
003_000__control,Deepfakes,1,control,0,0,0,,,0,0.0007
003_000__hard_cut,Deepfakes,1,hard_cut,0,128,128,127,1,,0.9915
003_000__fade8,Deepfakes,1,fade,8,124,132,130,1,,0.6475
003_000__fade16,Deepfakes,1,fade,16,120,136,132,1,,0.5888
003_000__fade32,Deepfakes,1,fade,32,112,144,136,1,,0.7258
003_000__dissolve8,Deepfakes,1,dissolve,8,124,132,127,1,,0.9705
003_000__dissolve16,Deepfakes,1,dissolve,16,120,136,127,1,,0.8648
003_000__dissolve32,Deepfakes,1,dissolve,32,112,144,128,1,,0.7391
003_000__dissolve64,Deepfakes,1,dissolve,64,96,160,,0,,0.0624
012_026__control,Deepfakes,1,control,0,0,0,,,0,0.1045
012_026__hard_cut,Deepfakes,1,hard_cut,0,128,128,127,1,,0.9944
012_026__fade8,Deepfakes,1,fade,8,124,132,130,1,,0.5939
012_026__fade16,Deepfakes,1,fade,16,120,136,132,1,,0.5743
012_026__fade32,Deepfakes,1,fade,32,112,144,136,1,,0.6559
012_026__dissolve8,Deepfakes,1,dissolve,8,124,132,127,1,,0.991
012_026__dissolve16,Deepfakes,1,dissolve,16,120,136,127,1,,0.865
012_026__dissolve32,Deepfakes,1,dissolve,32,112,144,128,1,,0.8245
012_026__dissolve64,Deepfakes,1,dissolve,64,96,160,,0,,0.3701
015_919__control,Deepfakes,1,control,0,0,0,,,0,0.0001
015_919__hard_cut,Deepfakes,1,hard_cut,0,128,128,127,1,,0.9689
015_919__fade8,Deepfakes,1,fade,8,124,132,130,1,,0.6542
015_919__fade16,Deepfakes,1,fade,16,120,136,132,1,,0.6066
015_919__fade32,Deepfakes,1,fade,32,112,144,136,1,,0.6816
015_919__dissolve8,Deepfakes,1,dissolve,8,124,132,127,1,,0.8802
015_919__dissolve16,Deepfakes,1,dissolve,16,120,136,127,1,,0.7393
015_919__dissolve32,Deepfakes,1,dissolve,32,112,144,127,1,,0.5705
015_919__dissolve64,Deepfakes,1,dissolve,64,96,160,,0,,0.0039
024_073__control,Deepfakes,1,control,0,0,0,,,0,0.3703
024_073__hard_cut,Deepfakes,1,hard_cut,0,128,128,127,1,,0.9891
024_073__fade8,Deepfakes,1,fade,8,124,132,128,1,,0.5201
024_073__fade16,Deepfakes,1,fade,16,120,136,,0,,0.4901
024_073__fade32,Deepfakes,1,fade,32,112,144,119,1,,0.6419
024_073__dissolve8,Deepfakes,1,dissolve,8,124,132,127,1,,0.9841
024_073__dissolve16,Deepfakes,1,dissolve,16,120,136,127,1,,0.9854
024_073__dissolve32,Deepfakes,1,dissolve,32,112,144,127,1,,0.7954
024_073__dissolve64,Deepfakes,1,dissolve,64,96,160,,0,,0.2772
026_012__control,Deepfakes,1,control,0,0,0,,,0,0.0003
026_012__hard_cut,Deepfakes,1,hard_cut,0,128,128,127,1,,0.9867
026_012__fade8,Deepfakes,1,fade,8,124,132,129,1,,0.8148
026_012__fade16,Deepfakes,1,fade,16,120,136,132,1,,0.7352
026_012__fade32,Deepfakes,1,fade,32,112,144,136,1,,0.7675
026_012__dissolve8,Deepfakes,1,dissolve,8,124,132,127,1,,0.9816
026_012__dissolve16,Deepfakes,1,dissolve,16,120,136,127,1,,0.9422
026_012__dissolve32,Deepfakes,1,dissolve,32,112,144,127,1,,0.7162
026_012__dissolve64,Deepfakes,1,dissolve,64,96,160,,0,,0.0346
029_048__control,Deepfakes,1,control,0,0,0,,,0,0.0003
029_048__hard_cut,Deepfakes,1,hard_cut,0,128,128,127,1,,0.9943
029_048__fade8,Deepfakes,1,fade,8,124,132,130,1,,0.6023
029_048__fade16,Deepfakes,1,fade,16,120,136,132,1,,0.5379
029_048__fade32,Deepfakes,1,fade,32,112,144,136,1,,0.6599
029_048__dissolve8,Deepfakes,1,dissolve,8,124,132,127,1,,0.9878
029_048__dissolve16,Deepfakes,1,dissolve,16,120,136,127,1,,0.971
029_048__dissolve32,Deepfakes,1,dissolve,32,112,144,128,1,,0.7828
029_048__dissolve64,Deepfakes,1,dissolve,64,96,160,,0,,0.0944
035_036__control,Deepfakes,1,control,0,0,0,,,0,0.0005
035_036__hard_cut,Deepfakes,1,hard_cut,0,128,128,127,1,,0.9954
035_036__fade8,Deepfakes,1,fade,8,124,132,130,1,,0.5178
035_036__fade16,Deepfakes,1,fade,16,120,136,132,1,,0.5583
035_036__fade32,Deepfakes,1,fade,32,112,144,136,1,,0.6371
035_036__dissolve8,Deepfakes,1,dissolve,8,124,132,127,1,,0.9914
035_036__dissolve16,Deepfakes,1,dissolve,16,120,136,127,1,,0.9472
035_036__dissolve32,Deepfakes,1,dissolve,32,112,144,128,1,,0.7201
035_036__dissolve64,Deepfakes,1,dissolve,64,96,160,,0,,0.118
036_035__control,Deepfakes,1,control,0,0,0,,,0,0.0097
036_035__hard_cut,Deepfakes,1,hard_cut,0,128,128,127,1,,0.9949
036_035__fade8,Deepfakes,1,fade,8,124,132,130,1,,0.6011
036_035__fade16,Deepfakes,1,fade,16,120,136,132,1,,0.6511
036_035__fade32,Deepfakes,1,fade,32,112,144,136,1,,0.6679
036_035__dissolve8,Deepfakes,1,dissolve,8,124,132,127,1,,0.987
036_035__dissolve16,Deepfakes,1,dissolve,16,120,136,127,1,,0.9373
036_035__dissolve32,Deepfakes,1,dissolve,32,112,144,127,1,,0.7719
036_035__dissolve64,Deepfakes,1,dissolve,64,96,160,,0,,0.1438
044_945__control,Deepfakes,1,control,0,0,0,,,0,0.002
044_945__hard_cut,Deepfakes,1,hard_cut,0,128,128,127,1,,0.9936
044_945__fade8,Deepfakes,1,fade,8,124,132,125,1,,0.5055
044_945__fade16,Deepfakes,1,fade,16,120,136,132,1,,0.5474
044_945__fade32,Deepfakes,1,fade,32,112,144,136,1,,0.6349
044_945__dissolve8,Deepfakes,1,dissolve,8,124,132,127,1,,0.9079
044_945__dissolve16,Deepfakes,1,dissolve,16,120,136,128,1,,0.983
044_945__dissolve32,Deepfakes,1,dissolve,32,112,144,129,1,,0.7326
044_945__dissolve64,Deepfakes,1,dissolve,64,96,160,,0,,0.3343
047_862__control,Deepfakes,1,control,0,0,0,,,0,0.0025
047_862__hard_cut,Deepfakes,1,hard_cut,0,128,128,127,1,,0.9888
047_862__fade8,Deepfakes,1,fade,8,124,132,130,1,,0.6441
047_862__fade16,Deepfakes,1,fade,16,120,136,132,1,,0.5303
047_862__fade32,Deepfakes,1,fade,32,112,144,119 136,1,,0.6841
047_862__dissolve8,Deepfakes,1,dissolve,8,124,132,127,1,,0.9837
047_862__dissolve16,Deepfakes,1,dissolve,16,120,136,127,1,,0.8589
047_862__dissolve32,Deepfakes,1,dissolve,32,112,144,128,1,,0.7401
047_862__dissolve64,Deepfakes,1,dissolve,64,96,160,,0,,0.1564
048_029__control,Deepfakes,1,control,0,0,0,,,0,0.0018
048_029__hard_cut,Deepfakes,1,hard_cut,0,128,128,127,1,,0.9889
048_029__fade8,Deepfakes,1,fade,8,124,132,128,1,,0.5426
048_029__fade16,Deepfakes,1,fade,16,120,136,,0,,0.486
048_029__fade32,Deepfakes,1,fade,32,112,144,119,1,,0.5797
048_029__dissolve8,Deepfakes,1,dissolve,8,124,132,127,1,,0.9817
048_029__dissolve16,Deepfakes,1,dissolve,16,120,136,127,1,,0.9739
048_029__dissolve32,Deepfakes,1,dissolve,32,112,144,128,1,,0.8056
048_029__dissolve64,Deepfakes,1,dissolve,64,96,160,,0,,0.2956
073_024__control,Deepfakes,1,control,0,0,0,,,0,0.0003
073_024__hard_cut,Deepfakes,1,hard_cut,0,128,128,127,1,,0.9961
073_024__fade8,Deepfakes,1,fade,8,124,132,130,1,,0.6112
073_024__fade16,Deepfakes,1,fade,16,120,136,132,1,,0.6556
073_024__fade32,Deepfakes,1,fade,32,112,144,136,1,,0.766
073_024__dissolve8,Deepfakes,1,dissolve,8,124,132,127,1,,0.9873
073_024__dissolve16,Deepfakes,1,dissolve,16,120,136,127,1,,0.9628
073_024__dissolve32,Deepfakes,1,dissolve,32,112,144,127,1,,0.7126
073_024__dissolve64,Deepfakes,1,dissolve,64,96,160,,0,,0.0839
078_955__control,Deepfakes,1,control,0,0,0,,,0,0.0004
078_955__hard_cut,Deepfakes,1,hard_cut,0,128,128,127,1,,0.9855
078_955__fade8,Deepfakes,1,fade,8,124,132,130,1,,0.6429
078_955__fade16,Deepfakes,1,fade,16,120,136,,0,,0.4755
078_955__fade32,Deepfakes,1,fade,32,112,144,119 136,1,,0.5677
078_955__dissolve8,Deepfakes,1,dissolve,8,124,132,127,1,,0.9152
078_955__dissolve16,Deepfakes,1,dissolve,16,120,136,127,1,,0.7677
078_955__dissolve32,Deepfakes,1,dissolve,32,112,144,128,1,,0.7055
078_955__dissolve64,Deepfakes,1,dissolve,64,96,160,,0,,0.1328
102_114__control,Deepfakes,1,control,0,0,0,,,0,0.0
102_114__hard_cut,Deepfakes,1,hard_cut,0,128,128,127,1,,0.9866
102_114__fade8,Deepfakes,1,fade,8,124,132,128,1,,0.5041
102_114__fade16,Deepfakes,1,fade,16,120,136,,0,,0.4983
102_114__fade32,Deepfakes,1,fade,32,112,144,136,1,,0.5432
102_114__dissolve8,Deepfakes,1,dissolve,8,124,132,127,1,,0.9781
102_114__dissolve16,Deepfakes,1,dissolve,16,120,136,127,1,,0.9308
102_114__dissolve32,Deepfakes,1,dissolve,32,112,144,127,1,,0.7103
102_114__dissolve64,Deepfakes,1,dissolve,64,96,160,,0,,0.1134
114_102__control,Deepfakes,1,control,0,0,0,,,0,0.0
114_102__hard_cut,Deepfakes,1,hard_cut,0,128,128,127,1,,0.9986
114_102__fade8,Deepfakes,1,fade,8,124,132,130,1,,0.8105
114_102__fade16,Deepfakes,1,fade,16,120,136,132,1,,0.7438
114_102__fade32,Deepfakes,1,fade,32,112,144,135,1,,0.7883
114_102__dissolve8,Deepfakes,1,dissolve,8,124,132,127,1,,0.9963
114_102__dissolve16,Deepfakes,1,dissolve,16,120,136,127,1,,0.95
114_102__dissolve32,Deepfakes,1,dissolve,32,112,144,127,1,,0.7325
114_102__dissolve64,Deepfakes,1,dissolve,64,96,160,,0,,0.0864
128_896__control,Deepfakes,1,control,0,0,0,,,0,0.0008
128_896__hard_cut,Deepfakes,1,hard_cut,0,128,128,127,1,,0.9875
128_896__fade8,Deepfakes,1,fade,8,124,132,130,1,,0.5845
128_896__fade16,Deepfakes,1,fade,16,120,136,132,1,,0.667
128_896__fade32,Deepfakes,1,fade,32,112,144,136,1,,0.8572
128_896__dissolve8,Deepfakes,1,dissolve,8,124,132,127,1,,0.9189
128_896__dissolve16,Deepfakes,1,dissolve,16,120,136,128,1,,0.982
128_896__dissolve32,Deepfakes,1,dissolve,32,112,144,128,1,,0.7597
128_896__dissolve64,Deepfakes,1,dissolve,64,96,160,,0,,0.226
135_880__control,Deepfakes,1,control,0,0,0,125,,1,0.5575
135_880__hard_cut,Deepfakes,1,hard_cut,0,128,128,127,1,,0.9888
135_880__fade8,Deepfakes,1,fade,8,124,132,130,1,,0.7141
135_880__fade16,Deepfakes,1,fade,16,120,136,132,1,,0.5141
135_880__fade32,Deepfakes,1,fade,32,112,144,136,1,,0.7854
135_880__dissolve8,Deepfakes,1,dissolve,8,124,132,126,1,,0.9054
135_880__dissolve16,Deepfakes,1,dissolve,16,120,136,126,1,,0.8696
135_880__dissolve32,Deepfakes,1,dissolve,32,112,144,128,1,,0.679
135_880__dissolve64,Deepfakes,1,dissolve,64,96,160,,0,,0.3831
000_003__control,Face2Face,1,control,0,0,0,,,0,0.0024
000_003__hard_cut,Face2Face,1,hard_cut,0,128,128,127,1,,0.9907
000_003__fade8,Face2Face,1,fade,8,124,132,,0,,0.3853
000_003__fade16,Face2Face,1,fade,16,120,136,133,1,,0.5428
000_003__fade32,Face2Face,1,fade,32,112,144,119 136,1,,0.5772
000_003__dissolve8,Face2Face,1,dissolve,8,124,132,127,1,,0.9474
000_003__dissolve16,Face2Face,1,dissolve,16,120,136,127,1,,0.9576
000_003__dissolve32,Face2Face,1,dissolve,32,112,144,128,1,,0.7661
000_003__dissolve64,Face2Face,1,dissolve,64,96,160,,0,,0.3302
003_000__control,Face2Face,1,control,0,0,0,,,0,0.0007
003_000__hard_cut,Face2Face,1,hard_cut,0,128,128,127,1,,0.9913
003_000__fade8,Face2Face,1,fade,8,124,132,130,1,,0.6451
003_000__fade16,Face2Face,1,fade,16,120,136,132,1,,0.5823
003_000__fade32,Face2Face,1,fade,32,112,144,136,1,,0.7231
003_000__dissolve8,Face2Face,1,dissolve,8,124,132,127,1,,0.9696
003_000__dissolve16,Face2Face,1,dissolve,16,120,136,127,1,,0.8847
003_000__dissolve32,Face2Face,1,dissolve,32,112,144,128,1,,0.7378
003_000__dissolve64,Face2Face,1,dissolve,64,96,160,,0,,0.0707
012_026__control,Face2Face,1,control,0,0,0,,,0,0.0984
012_026__hard_cut,Face2Face,1,hard_cut,0,128,128,127,1,,0.9945
012_026__fade8,Face2Face,1,fade,8,124,132,130,1,,0.5937
012_026__fade16,Face2Face,1,fade,16,120,136,132,1,,0.5745
012_026__fade32,Face2Face,1,fade,32,112,144,136,1,,0.6534
012_026__dissolve8,Face2Face,1,dissolve,8,124,132,127,1,,0.992
012_026__dissolve16,Face2Face,1,dissolve,16,120,136,127,1,,0.8823
012_026__dissolve32,Face2Face,1,dissolve,32,112,144,128,1,,0.8331
012_026__dissolve64,Face2Face,1,dissolve,64,96,160,,0,,0.368
015_919__control,Face2Face,1,control,0,0,0,,,0,0.0001
015_919__hard_cut,Face2Face,1,hard_cut,0,128,128,127,1,,0.9669
015_919__fade8,Face2Face,1,fade,8,124,132,130,1,,0.6409
015_919__fade16,Face2Face,1,fade,16,120,136,132,1,,0.5983
015_919__fade32,Face2Face,1,fade,32,112,144,136,1,,0.6766
015_919__dissolve8,Face2Face,1,dissolve,8,124,132,127,1,,0.8869
015_919__dissolve16,Face2Face,1,dissolve,16,120,136,127,1,,0.7561
015_919__dissolve32,Face2Face,1,dissolve,32,112,144,127,1,,0.5747
015_919__dissolve64,Face2Face,1,dissolve,64,96,160,,0,,0.0049
024_073__control,Face2Face,1,control,0,0,0,,,0,0.3681
024_073__hard_cut,Face2Face,1,hard_cut,0,128,128,127,1,,0.9892
024_073__fade8,Face2Face,1,fade,8,124,132,128,1,,0.5176
024_073__fade16,Face2Face,1,fade,16,120,136,,0,,0.4866
024_073__fade32,Face2Face,1,fade,32,112,144,119,1,,0.6367
024_073__dissolve8,Face2Face,1,dissolve,8,124,132,127,1,,0.9848
024_073__dissolve16,Face2Face,1,dissolve,16,120,136,127,1,,0.9853
024_073__dissolve32,Face2Face,1,dissolve,32,112,144,127,1,,0.7978
024_073__dissolve64,Face2Face,1,dissolve,64,96,160,,0,,0.2646
026_012__control,Face2Face,1,control,0,0,0,,,0,0.0004
026_012__hard_cut,Face2Face,1,hard_cut,0,128,128,127,1,,0.9868
026_012__fade8,Face2Face,1,fade,8,124,132,129,1,,0.8174
026_012__fade16,Face2Face,1,fade,16,120,136,132,1,,0.737
026_012__fade32,Face2Face,1,fade,32,112,144,136,1,,0.7658
026_012__dissolve8,Face2Face,1,dissolve,8,124,132,127,1,,0.9792
026_012__dissolve16,Face2Face,1,dissolve,16,120,136,127,1,,0.9291
026_012__dissolve32,Face2Face,1,dissolve,32,112,144,127,1,,0.7054
026_012__dissolve64,Face2Face,1,dissolve,64,96,160,,0,,0.0323
029_048__control,Face2Face,1,control,0,0,0,,,0,0.0003
029_048__hard_cut,Face2Face,1,hard_cut,0,128,128,127,1,,0.9942
029_048__fade8,Face2Face,1,fade,8,124,132,130,1,,0.6041
029_048__fade16,Face2Face,1,fade,16,120,136,132,1,,0.5403
029_048__fade32,Face2Face,1,fade,32,112,144,136,1,,0.6647
029_048__dissolve8,Face2Face,1,dissolve,8,124,132,127,1,,0.9889
029_048__dissolve16,Face2Face,1,dissolve,16,120,136,127,1,,0.9734
029_048__dissolve32,Face2Face,1,dissolve,32,112,144,127,1,,0.7865
029_048__dissolve64,Face2Face,1,dissolve,64,96,160,,0,,0.0955
035_036__control,Face2Face,1,control,0,0,0,,,0,0.0008
035_036__hard_cut,Face2Face,1,hard_cut,0,128,128,127,1,,0.9955
035_036__fade8,Face2Face,1,fade,8,124,132,130,1,,0.5172
035_036__fade16,Face2Face,1,fade,16,120,136,132,1,,0.5603
035_036__fade32,Face2Face,1,fade,32,112,144,136,1,,0.6414
035_036__dissolve8,Face2Face,1,dissolve,8,124,132,127,1,,0.992
035_036__dissolve16,Face2Face,1,dissolve,16,120,136,127,1,,0.953
035_036__dissolve32,Face2Face,1,dissolve,32,112,144,128,1,,0.7285
035_036__dissolve64,Face2Face,1,dissolve,64,96,160,,0,,0.1116
036_035__control,Face2Face,1,control,0,0,0,,,0,0.009
036_035__hard_cut,Face2Face,1,hard_cut,0,128,128,127,1,,0.995
036_035__fade8,Face2Face,1,fade,8,124,132,130,1,,0.6026
036_035__fade16,Face2Face,1,fade,16,120,136,132,1,,0.6509
036_035__fade32,Face2Face,1,fade,32,112,144,136,1,,0.6675
036_035__dissolve8,Face2Face,1,dissolve,8,124,132,127,1,,0.9876
036_035__dissolve16,Face2Face,1,dissolve,16,120,136,127,1,,0.9416
036_035__dissolve32,Face2Face,1,dissolve,32,112,144,127,1,,0.7691
036_035__dissolve64,Face2Face,1,dissolve,64,96,160,,0,,0.1357
044_945__control,Face2Face,1,control,0,0,0,,,0,0.003
044_945__hard_cut,Face2Face,1,hard_cut,0,128,128,127,1,,0.9941
044_945__fade8,Face2Face,1,fade,8,124,132,,0,,0.4915
044_945__fade16,Face2Face,1,fade,16,120,136,132,1,,0.5781
044_945__fade32,Face2Face,1,fade,32,112,144,136,1,,0.6309
044_945__dissolve8,Face2Face,1,dissolve,8,124,132,127,1,,0.8985
044_945__dissolve16,Face2Face,1,dissolve,16,120,136,128,1,,0.9796
044_945__dissolve32,Face2Face,1,dissolve,32,112,144,129,1,,0.7241
044_945__dissolve64,Face2Face,1,dissolve,64,96,160,,0,,0.3138
047_862__control,Face2Face,1,control,0,0,0,,,0,0.0027
047_862__hard_cut,Face2Face,1,hard_cut,0,128,128,127,1,,0.9891
047_862__fade8,Face2Face,1,fade,8,124,132,130,1,,0.6482
047_862__fade16,Face2Face,1,fade,16,120,136,132,1,,0.5197
047_862__fade32,Face2Face,1,fade,32,112,144,119 136,1,,0.6694
047_862__dissolve8,Face2Face,1,dissolve,8,124,132,127,1,,0.9854
047_862__dissolve16,Face2Face,1,dissolve,16,120,136,127,1,,0.8812
047_862__dissolve32,Face2Face,1,dissolve,32,112,144,128,1,,0.7431
047_862__dissolve64,Face2Face,1,dissolve,64,96,160,,0,,0.1629
048_029__control,Face2Face,1,control,0,0,0,,,0,0.0016
048_029__hard_cut,Face2Face,1,hard_cut,0,128,128,127,1,,0.9885
048_029__fade8,Face2Face,1,fade,8,124,132,128,1,,0.5372
048_029__fade16,Face2Face,1,fade,16,120,136,,0,,0.4801
048_029__fade32,Face2Face,1,fade,32,112,144,119,1,,0.5768
048_029__dissolve8,Face2Face,1,dissolve,8,124,132,127,1,,0.9809
048_029__dissolve16,Face2Face,1,dissolve,16,120,136,127,1,,0.9712
048_029__dissolve32,Face2Face,1,dissolve,32,112,144,127,1,,0.8031
048_029__dissolve64,Face2Face,1,dissolve,64,96,160,,0,,0.2643
073_024__control,Face2Face,1,control,0,0,0,,,0,0.0004
073_024__hard_cut,Face2Face,1,hard_cut,0,128,128,127,1,,0.9961
073_024__fade8,Face2Face,1,fade,8,124,132,130,1,,0.6075
073_024__fade16,Face2Face,1,fade,16,120,136,132,1,,0.655
073_024__fade32,Face2Face,1,fade,32,112,144,136,1,,0.7672
073_024__dissolve8,Face2Face,1,dissolve,8,124,132,127,1,,0.9882
073_024__dissolve16,Face2Face,1,dissolve,16,120,136,127,1,,0.966
073_024__dissolve32,Face2Face,1,dissolve,32,112,144,127,1,,0.7194
073_024__dissolve64,Face2Face,1,dissolve,64,96,160,,0,,0.0906
078_955__control,Face2Face,1,control,0,0,0,,,0,0.0004
078_955__hard_cut,Face2Face,1,hard_cut,0,128,128,127,1,,0.986
078_955__fade8,Face2Face,1,fade,8,124,132,130,1,,0.6468
078_955__fade16,Face2Face,1,fade,16,120,136,,0,,0.4748
078_955__fade32,Face2Face,1,fade,32,112,144,119 136,1,,0.5641
078_955__dissolve8,Face2Face,1,dissolve,8,124,132,127,1,,0.929
078_955__dissolve16,Face2Face,1,dissolve,16,120,136,127,1,,0.747
078_955__dissolve32,Face2Face,1,dissolve,32,112,144,128,1,,0.7165
078_955__dissolve64,Face2Face,1,dissolve,64,96,160,,0,,0.1376
102_114__control,Face2Face,1,control,0,0,0,,,0,0.0
102_114__hard_cut,Face2Face,1,hard_cut,0,128,128,127,1,,0.9876
102_114__fade8,Face2Face,1,fade,8,124,132,128 130,1,,0.5076
102_114__fade16,Face2Face,1,fade,16,120,136,,0,,0.4962
102_114__fade32,Face2Face,1,fade,32,112,144,136,1,,0.547
102_114__dissolve8,Face2Face,1,dissolve,8,124,132,127,1,,0.9844
102_114__dissolve16,Face2Face,1,dissolve,16,120,136,127,1,,0.9387
102_114__dissolve32,Face2Face,1,dissolve,32,112,144,127,1,,0.7155
102_114__dissolve64,Face2Face,1,dissolve,64,96,160,,0,,0.137
114_102__control,Face2Face,1,control,0,0,0,,,0,0.0
114_102__hard_cut,Face2Face,1,hard_cut,0,128,128,127,1,,0.9985
114_102__fade8,Face2Face,1,fade,8,124,132,130,1,,0.8111
114_102__fade16,Face2Face,1,fade,16,120,136,132,1,,0.7453
114_102__fade32,Face2Face,1,fade,32,112,144,135,1,,0.7874
114_102__dissolve8,Face2Face,1,dissolve,8,124,132,127,1,,0.9958
114_102__dissolve16,Face2Face,1,dissolve,16,120,136,127,1,,0.938
114_102__dissolve32,Face2Face,1,dissolve,32,112,144,127,1,,0.7162
114_102__dissolve64,Face2Face,1,dissolve,64,96,160,,0,,0.0879
128_896__control,Face2Face,1,control,0,0,0,,,0,0.0009
128_896__hard_cut,Face2Face,1,hard_cut,0,128,128,127,1,,0.9877
128_896__fade8,Face2Face,1,fade,8,124,132,130,1,,0.5793
128_896__fade16,Face2Face,1,fade,16,120,136,132,1,,0.6663
128_896__fade32,Face2Face,1,fade,32,112,144,136,1,,0.8589
128_896__dissolve8,Face2Face,1,dissolve,8,124,132,127,1,,0.9271
128_896__dissolve16,Face2Face,1,dissolve,16,120,136,128,1,,0.9803
128_896__dissolve32,Face2Face,1,dissolve,32,112,144,128,1,,0.7537
128_896__dissolve64,Face2Face,1,dissolve,64,96,160,,0,,0.2243
135_880__control,Face2Face,1,control,0,0,0,125,,1,0.5208
135_880__hard_cut,Face2Face,1,hard_cut,0,128,128,127,1,,0.9877
135_880__fade8,Face2Face,1,fade,8,124,132,130,1,,0.6999
135_880__fade16,Face2Face,1,fade,16,120,136,,0,,0.4879
135_880__fade32,Face2Face,1,fade,32,112,144,136,1,,0.7706
135_880__dissolve8,Face2Face,1,dissolve,8,124,132,126,1,,0.9027
135_880__dissolve16,Face2Face,1,dissolve,16,120,136,126,1,,0.8612
135_880__dissolve32,Face2Face,1,dissolve,32,112,144,128,1,,0.6578
135_880__dissolve64,Face2Face,1,dissolve,64,96,160,,0,,0.3836
000_003__control,FaceSwap,1,control,0,0,0,,,0,0.0023
000_003__hard_cut,FaceSwap,1,hard_cut,0,128,128,127,1,,0.9906
000_003__fade8,FaceSwap,1,fade,8,124,132,,0,,0.3775
000_003__fade16,FaceSwap,1,fade,16,120,136,133,1,,0.5403
000_003__fade32,FaceSwap,1,fade,32,112,144,119 136,1,,0.578
000_003__dissolve8,FaceSwap,1,dissolve,8,124,132,127,1,,0.9458
000_003__dissolve16,FaceSwap,1,dissolve,16,120,136,127,1,,0.9543
000_003__dissolve32,FaceSwap,1,dissolve,32,112,144,128,1,,0.7571
000_003__dissolve64,FaceSwap,1,dissolve,64,96,160,,0,,0.3258
003_000__control,FaceSwap,1,control,0,0,0,,,0,0.0008
003_000__hard_cut,FaceSwap,1,hard_cut,0,128,128,127,1,,0.9914
003_000__fade8,FaceSwap,1,fade,8,124,132,130,1,,0.6464
003_000__fade16,FaceSwap,1,fade,16,120,136,132,1,,0.5839
003_000__fade32,FaceSwap,1,fade,32,112,144,136,1,,0.7221
003_000__dissolve8,FaceSwap,1,dissolve,8,124,132,127,1,,0.9709
003_000__dissolve16,FaceSwap,1,dissolve,16,120,136,127,1,,0.8761
003_000__dissolve32,FaceSwap,1,dissolve,32,112,144,128,1,,0.7344
003_000__dissolve64,FaceSwap,1,dissolve,64,96,160,,0,,0.0749
012_026__control,FaceSwap,1,control,0,0,0,,,0,0.0987
012_026__hard_cut,FaceSwap,1,hard_cut,0,128,128,127,1,,0.9943
012_026__fade8,FaceSwap,1,fade,8,124,132,130,1,,0.5902
012_026__fade16,FaceSwap,1,fade,16,120,136,132,1,,0.5748
012_026__fade32,FaceSwap,1,fade,32,112,144,136,1,,0.6534
012_026__dissolve8,FaceSwap,1,dissolve,8,124,132,127,1,,0.9909
012_026__dissolve16,FaceSwap,1,dissolve,16,120,136,127,1,,0.8797
012_026__dissolve32,FaceSwap,1,dissolve,32,112,144,128,1,,0.8295
012_026__dissolve64,FaceSwap,1,dissolve,64,96,160,,0,,0.3706
015_919__control,FaceSwap,1,control,0,0,0,,,0,0.0001
015_919__hard_cut,FaceSwap,1,hard_cut,0,128,128,127,1,,0.9665
015_919__fade8,FaceSwap,1,fade,8,124,132,130,1,,0.6549
015_919__fade16,FaceSwap,1,fade,16,120,136,132,1,,0.6043
015_919__fade32,FaceSwap,1,fade,32,112,144,136,1,,0.6785
015_919__dissolve8,FaceSwap,1,dissolve,8,124,132,127,1,,0.8613
015_919__dissolve16,FaceSwap,1,dissolve,16,120,136,127,1,,0.7543
015_919__dissolve32,FaceSwap,1,dissolve,32,112,144,127,1,,0.5569
015_919__dissolve64,FaceSwap,1,dissolve,64,96,160,,0,,0.0045
024_073__control,FaceSwap,1,control,0,0,0,,,0,0.3708
024_073__hard_cut,FaceSwap,1,hard_cut,0,128,128,127,1,,0.9887
024_073__fade8,FaceSwap,1,fade,8,124,132,128,1,,0.5212
024_073__fade16,FaceSwap,1,fade,16,120,136,,0,,0.4888
024_073__fade32,FaceSwap,1,fade,32,112,144,119,1,,0.6375
024_073__dissolve8,FaceSwap,1,dissolve,8,124,132,127,1,,0.9846
024_073__dissolve16,FaceSwap,1,dissolve,16,120,136,127,1,,0.9854
024_073__dissolve32,FaceSwap,1,dissolve,32,112,144,127,1,,0.8001
024_073__dissolve64,FaceSwap,1,dissolve,64,96,160,,0,,0.2822
026_012__control,FaceSwap,1,control,0,0,0,,,0,0.0003
026_012__hard_cut,FaceSwap,1,hard_cut,0,128,128,127,1,,0.9862
026_012__fade8,FaceSwap,1,fade,8,124,132,129,1,,0.8166
026_012__fade16,FaceSwap,1,fade,16,120,136,132,1,,0.7388
026_012__fade32,FaceSwap,1,fade,32,112,144,136,1,,0.765
026_012__dissolve8,FaceSwap,1,dissolve,8,124,132,127,1,,0.9776
026_012__dissolve16,FaceSwap,1,dissolve,16,120,136,127,1,,0.9304
026_012__dissolve32,FaceSwap,1,dissolve,32,112,144,127,1,,0.7141
026_012__dissolve64,FaceSwap,1,dissolve,64,96,160,,0,,0.035
029_048__control,FaceSwap,1,control,0,0,0,,,0,0.0003
029_048__hard_cut,FaceSwap,1,hard_cut,0,128,128,127,1,,0.9961
029_048__fade8,FaceSwap,1,fade,8,124,132,130,1,,0.5911
029_048__fade16,FaceSwap,1,fade,16,120,136,132,1,,0.5197
029_048__fade32,FaceSwap,1,fade,32,112,144,136,1,,0.6212
029_048__dissolve8,FaceSwap,1,dissolve,8,124,132,127,1,,0.9936
029_048__dissolve16,FaceSwap,1,dissolve,16,120,136,127,1,,0.9851
029_048__dissolve32,FaceSwap,1,dissolve,32,112,144,128,1,,0.8228
029_048__dissolve64,FaceSwap,1,dissolve,64,96,160,,0,,0.1396
035_036__control,FaceSwap,1,control,0,0,0,,,0,0.0007
035_036__hard_cut,FaceSwap,1,hard_cut,0,128,128,127,1,,0.9954
035_036__fade8,FaceSwap,1,fade,8,124,132,130,1,,0.5167
035_036__fade16,FaceSwap,1,fade,16,120,136,132,1,,0.5544
035_036__fade32,FaceSwap,1,fade,32,112,144,136,1,,0.6388
035_036__dissolve8,FaceSwap,1,dissolve,8,124,132,127,1,,0.992
035_036__dissolve16,FaceSwap,1,dissolve,16,120,136,127,1,,0.9572
035_036__dissolve32,FaceSwap,1,dissolve,32,112,144,128,1,,0.7231
035_036__dissolve64,FaceSwap,1,dissolve,64,96,160,,0,,0.1128
036_035__control,FaceSwap,1,control,0,0,0,,,0,0.009
036_035__hard_cut,FaceSwap,1,hard_cut,0,128,128,127,1,,0.9951
036_035__fade8,FaceSwap,1,fade,8,124,132,130,1,,0.6042
036_035__fade16,FaceSwap,1,fade,16,120,136,132,1,,0.6501
036_035__fade32,FaceSwap,1,fade,32,112,144,136,1,,0.6663
036_035__dissolve8,FaceSwap,1,dissolve,8,124,132,127,1,,0.9888
036_035__dissolve16,FaceSwap,1,dissolve,16,120,136,127,1,,0.9495
036_035__dissolve32,FaceSwap,1,dissolve,32,112,144,127,1,,0.7659
036_035__dissolve64,FaceSwap,1,dissolve,64,96,160,,0,,0.1334
044_945__control,FaceSwap,1,control,0,0,0,,,0,0.0029
044_945__hard_cut,FaceSwap,1,hard_cut,0,128,128,127,1,,0.9921
044_945__fade8,FaceSwap,1,fade,8,124,132,130,1,,0.6158
044_945__fade16,FaceSwap,1,fade,16,120,136,132,1,,0.5732
044_945__fade32,FaceSwap,1,fade,32,112,144,136,1,,0.6569
044_945__dissolve8,FaceSwap,1,dissolve,8,124,132,127,1,,0.982
044_945__dissolve16,FaceSwap,1,dissolve,16,120,136,127,1,,0.9803
044_945__dissolve32,FaceSwap,1,dissolve,32,112,144,127,1,,0.7284
044_945__dissolve64,FaceSwap,1,dissolve,64,96,160,,0,,0.0994
047_862__control,FaceSwap,1,control,0,0,0,,,0,0.0025
047_862__hard_cut,FaceSwap,1,hard_cut,0,128,128,127,1,,0.9888
047_862__fade8,FaceSwap,1,fade,8,124,132,130,1,,0.6491
047_862__fade16,FaceSwap,1,fade,16,120,136,132,1,,0.5281
047_862__fade32,FaceSwap,1,fade,32,112,144,119 136,1,,0.6757
047_862__dissolve8,FaceSwap,1,dissolve,8,124,132,127,1,,0.9827
047_862__dissolve16,FaceSwap,1,dissolve,16,120,136,127,1,,0.8578
047_862__dissolve32,FaceSwap,1,dissolve,32,112,144,128,1,,0.7432
047_862__dissolve64,FaceSwap,1,dissolve,64,96,160,,0,,0.1517
048_029__control,FaceSwap,1,control,0,0,0,,,0,0.0016
048_029__hard_cut,FaceSwap,1,hard_cut,0,128,128,127,1,,0.989
048_029__fade8,FaceSwap,1,fade,8,124,132,128,1,,0.5396
048_029__fade16,FaceSwap,1,fade,16,120,136,,0,,0.4808
048_029__fade32,FaceSwap,1,fade,32,112,144,119,1,,0.5758
048_029__dissolve8,FaceSwap,1,dissolve,8,124,132,127,1,,0.9821
048_029__dissolve16,FaceSwap,1,dissolve,16,120,136,127,1,,0.9731
048_029__dissolve32,FaceSwap,1,dissolve,32,112,144,127,1,,0.8007
048_029__dissolve64,FaceSwap,1,dissolve,64,96,160,,0,,0.2739
073_024__control,FaceSwap,1,control,0,0,0,,,0,0.0004
073_024__hard_cut,FaceSwap,1,hard_cut,0,128,128,127,1,,0.9962
073_024__fade8,FaceSwap,1,fade,8,124,132,130,1,,0.611
073_024__fade16,FaceSwap,1,fade,16,120,136,132,1,,0.6565
073_024__fade32,FaceSwap,1,fade,32,112,144,136,1,,0.7661
073_024__dissolve8,FaceSwap,1,dissolve,8,124,132,127,1,,0.9881
073_024__dissolve16,FaceSwap,1,dissolve,16,120,136,127,1,,0.9646
073_024__dissolve32,FaceSwap,1,dissolve,32,112,144,127,1,,0.7233
073_024__dissolve64,FaceSwap,1,dissolve,64,96,160,,0,,0.096
078_955__control,FaceSwap,1,control,0,0,0,,,0,0.0003
078_955__hard_cut,FaceSwap,1,hard_cut,0,128,128,127,1,,0.9859
078_955__fade8,FaceSwap,1,fade,8,124,132,130,1,,0.6461
078_955__fade16,FaceSwap,1,fade,16,120,136,,0,,0.472
078_955__fade32,FaceSwap,1,fade,32,112,144,119 136,1,,0.5652
078_955__dissolve8,FaceSwap,1,dissolve,8,124,132,127,1,,0.9144
078_955__dissolve16,FaceSwap,1,dissolve,16,120,136,127,1,,0.7811
078_955__dissolve32,FaceSwap,1,dissolve,32,112,144,128,1,,0.7038
078_955__dissolve64,FaceSwap,1,dissolve,64,96,160,,0,,0.1336
102_114__control,FaceSwap,1,control,0,0,0,,,0,0.0
102_114__hard_cut,FaceSwap,1,hard_cut,0,128,128,127,1,,0.9872
102_114__fade8,FaceSwap,1,fade,8,124,132,128 130,1,,0.5054
102_114__fade16,FaceSwap,1,fade,16,120,136,,0,,0.492
102_114__fade32,FaceSwap,1,fade,32,112,144,136,1,,0.5442
102_114__dissolve8,FaceSwap,1,dissolve,8,124,132,127,1,,0.9812
102_114__dissolve16,FaceSwap,1,dissolve,16,120,136,127,1,,0.9315
102_114__dissolve32,FaceSwap,1,dissolve,32,112,144,127,1,,0.7082
102_114__dissolve64,FaceSwap,1,dissolve,64,96,160,,0,,0.1312
114_102__control,FaceSwap,1,control,0,0,0,,,0,0.0
114_102__hard_cut,FaceSwap,1,hard_cut,0,128,128,127,1,,0.9985
114_102__fade8,FaceSwap,1,fade,8,124,132,130,1,,0.8104
114_102__fade16,FaceSwap,1,fade,16,120,136,132,1,,0.7428
114_102__fade32,FaceSwap,1,fade,32,112,144,135,1,,0.7852
114_102__dissolve8,FaceSwap,1,dissolve,8,124,132,127,1,,0.996
114_102__dissolve16,FaceSwap,1,dissolve,16,120,136,127,1,,0.9468
114_102__dissolve32,FaceSwap,1,dissolve,32,112,144,127,1,,0.727
114_102__dissolve64,FaceSwap,1,dissolve,64,96,160,,0,,0.0803
128_896__control,FaceSwap,1,control,0,0,0,,,0,0.0008
128_896__hard_cut,FaceSwap,1,hard_cut,0,128,128,127,1,,0.9877
128_896__fade8,FaceSwap,1,fade,8,124,132,130,1,,0.5763
128_896__fade16,FaceSwap,1,fade,16,120,136,132,1,,0.6628
128_896__fade32,FaceSwap,1,fade,32,112,144,136,1,,0.8584
128_896__dissolve8,FaceSwap,1,dissolve,8,124,132,127,1,,0.9231
128_896__dissolve16,FaceSwap,1,dissolve,16,120,136,128,1,,0.9828
128_896__dissolve32,FaceSwap,1,dissolve,32,112,144,128,1,,0.7607
128_896__dissolve64,FaceSwap,1,dissolve,64,96,160,,0,,0.2253
000_003__control,NeuralTextures,1,control,0,0,0,,,0,0.0025
000_003__hard_cut,NeuralTextures,1,hard_cut,0,128,128,127,1,,0.9908
000_003__fade8,NeuralTextures,1,fade,8,124,132,,0,,0.3849
000_003__fade16,NeuralTextures,1,fade,16,120,136,133,1,,0.5423
000_003__fade32,NeuralTextures,1,fade,32,112,144,119 136,1,,0.5792
000_003__dissolve8,NeuralTextures,1,dissolve,8,124,132,127,1,,0.948
000_003__dissolve16,NeuralTextures,1,dissolve,16,120,136,127,1,,0.9571
000_003__dissolve32,NeuralTextures,1,dissolve,32,112,144,128,1,,0.7578
000_003__dissolve64,NeuralTextures,1,dissolve,64,96,160,,0,,0.3299
003_000__control,NeuralTextures,1,control,0,0,0,,,0,0.0007
003_000__hard_cut,NeuralTextures,1,hard_cut,0,128,128,127,1,,0.9915
003_000__fade8,NeuralTextures,1,fade,8,124,132,130,1,,0.6469
003_000__fade16,NeuralTextures,1,fade,16,120,136,132,1,,0.5847
003_000__fade32,NeuralTextures,1,fade,32,112,144,136,1,,0.7225
003_000__dissolve8,NeuralTextures,1,dissolve,8,124,132,127,1,,0.9715
003_000__dissolve16,NeuralTextures,1,dissolve,16,120,136,127,1,,0.8819
003_000__dissolve32,NeuralTextures,1,dissolve,32,112,144,128,1,,0.7328
003_000__dissolve64,NeuralTextures,1,dissolve,64,96,160,,0,,0.0741
012_026__control,NeuralTextures,1,control,0,0,0,,,0,0.0989
012_026__hard_cut,NeuralTextures,1,hard_cut,0,128,128,127,1,,0.9944
012_026__fade8,NeuralTextures,1,fade,8,124,132,130,1,,0.5944
012_026__fade16,NeuralTextures,1,fade,16,120,136,132,1,,0.5733
012_026__fade32,NeuralTextures,1,fade,32,112,144,136,1,,0.6535
012_026__dissolve8,NeuralTextures,1,dissolve,8,124,132,127,1,,0.9917
012_026__dissolve16,NeuralTextures,1,dissolve,16,120,136,127,1,,0.8964
012_026__dissolve32,NeuralTextures,1,dissolve,32,112,144,127,1,,0.8362
012_026__dissolve64,NeuralTextures,1,dissolve,64,96,160,,0,,0.3569
015_919__control,NeuralTextures,1,control,0,0,0,,,0,0.0001
015_919__hard_cut,NeuralTextures,1,hard_cut,0,128,128,127,1,,0.9679
015_919__fade8,NeuralTextures,1,fade,8,124,132,130,1,,0.6405
015_919__fade16,NeuralTextures,1,fade,16,120,136,132,1,,0.5953
015_919__fade32,NeuralTextures,1,fade,32,112,144,136,1,,0.6754
015_919__dissolve8,NeuralTextures,1,dissolve,8,124,132,127,1,,0.8942
015_919__dissolve16,NeuralTextures,1,dissolve,16,120,136,127,1,,0.7624
015_919__dissolve32,NeuralTextures,1,dissolve,32,112,144,127,1,,0.5721
015_919__dissolve64,NeuralTextures,1,dissolve,64,96,160,,0,,0.0043
024_073__control,NeuralTextures,1,control,0,0,0,,,0,0.3567
024_073__hard_cut,NeuralTextures,1,hard_cut,0,128,128,127,1,,0.9889
024_073__fade8,NeuralTextures,1,fade,8,124,132,128,1,,0.518
024_073__fade16,NeuralTextures,1,fade,16,120,136,,0,,0.4867
024_073__fade32,NeuralTextures,1,fade,32,112,144,119,1,,0.6325
024_073__dissolve8,NeuralTextures,1,dissolve,8,124,132,127,1,,0.9851
024_073__dissolve16,NeuralTextures,1,dissolve,16,120,136,127,1,,0.9846
024_073__dissolve32,NeuralTextures,1,dissolve,32,112,144,127,1,,0.7883
024_073__dissolve64,NeuralTextures,1,dissolve,64,96,160,,0,,0.2667
026_012__control,NeuralTextures,1,control,0,0,0,,,0,0.0004
026_012__hard_cut,NeuralTextures,1,hard_cut,0,128,128,127,1,,0.9861
026_012__fade8,NeuralTextures,1,fade,8,124,132,129,1,,0.8165
026_012__fade16,NeuralTextures,1,fade,16,120,136,132,1,,0.7317
026_012__fade32,NeuralTextures,1,fade,32,112,144,136,1,,0.7627
026_012__dissolve8,NeuralTextures,1,dissolve,8,124,132,127,1,,0.9787
026_012__dissolve16,NeuralTextures,1,dissolve,16,120,136,127,1,,0.9261
026_012__dissolve32,NeuralTextures,1,dissolve,32,112,144,128,1,,0.7196
026_012__dissolve64,NeuralTextures,1,dissolve,64,96,160,,0,,0.0273
029_048__control,NeuralTextures,1,control,0,0,0,,,0,0.0003
029_048__hard_cut,NeuralTextures,1,hard_cut,0,128,128,127,1,,0.9961
029_048__fade8,NeuralTextures,1,fade,8,124,132,130,1,,0.5945
029_048__fade16,NeuralTextures,1,fade,16,120,136,132,1,,0.517
029_048__fade32,NeuralTextures,1,fade,32,112,144,136,1,,0.6157
029_048__dissolve8,NeuralTextures,1,dissolve,8,124,132,127,1,,0.9921
029_048__dissolve16,NeuralTextures,1,dissolve,16,120,136,127,1,,0.9835
029_048__dissolve32,NeuralTextures,1,dissolve,32,112,144,128,1,,0.8287
029_048__dissolve64,NeuralTextures,1,dissolve,64,96,160,,0,,0.1347
035_036__control,NeuralTextures,1,control,0,0,0,,,0,0.0007
035_036__hard_cut,NeuralTextures,1,hard_cut,0,128,128,127,1,,0.9955
035_036__fade8,NeuralTextures,1,fade,8,124,132,130,1,,0.519
035_036__fade16,NeuralTextures,1,fade,16,120,136,132,1,,0.5583
035_036__fade32,NeuralTextures,1,fade,32,112,144,136,1,,0.6368
035_036__dissolve8,NeuralTextures,1,dissolve,8,124,132,127,1,,0.9919
035_036__dissolve16,NeuralTextures,1,dissolve,16,120,136,127,1,,0.955
035_036__dissolve32,NeuralTextures,1,dissolve,32,112,144,128,1,,0.7265
035_036__dissolve64,NeuralTextures,1,dissolve,64,96,160,,0,,0.1167
036_035__control,NeuralTextures,1,control,0,0,0,,,0,0.01
036_035__hard_cut,NeuralTextures,1,hard_cut,0,128,128,127,1,,0.995
036_035__fade8,NeuralTextures,1,fade,8,124,132,130,1,,0.6018
036_035__fade16,NeuralTextures,1,fade,16,120,136,132,1,,0.6525
036_035__fade32,NeuralTextures,1,fade,32,112,144,136,1,,0.6629
036_035__dissolve8,NeuralTextures,1,dissolve,8,124,132,127,1,,0.9864
036_035__dissolve16,NeuralTextures,1,dissolve,16,120,136,127,1,,0.9405
036_035__dissolve32,NeuralTextures,1,dissolve,32,112,144,127,1,,0.7592
036_035__dissolve64,NeuralTextures,1,dissolve,64,96,160,,0,,0.1314
044_945__control,NeuralTextures,1,control,0,0,0,,,0,0.003
044_945__hard_cut,NeuralTextures,1,hard_cut,0,128,128,127,1,,0.9924
044_945__fade8,NeuralTextures,1,fade,8,124,132,130,1,,0.6194
044_945__fade16,NeuralTextures,1,fade,16,120,136,132,1,,0.5782
044_945__fade32,NeuralTextures,1,fade,32,112,144,136,1,,0.6563
044_945__dissolve8,NeuralTextures,1,dissolve,8,124,132,127,1,,0.9792
044_945__dissolve16,NeuralTextures,1,dissolve,16,120,136,127,1,,0.9766
044_945__dissolve32,NeuralTextures,1,dissolve,32,112,144,127,1,,0.7274
044_945__dissolve64,NeuralTextures,1,dissolve,64,96,160,,0,,0.0971
047_862__control,NeuralTextures,1,control,0,0,0,,,0,0.0026
047_862__hard_cut,NeuralTextures,1,hard_cut,0,128,128,127,1,,0.9891
047_862__fade8,NeuralTextures,1,fade,8,124,132,130,1,,0.6492
047_862__fade16,NeuralTextures,1,fade,16,120,136,132,1,,0.5244
047_862__fade32,NeuralTextures,1,fade,32,112,144,119 136,1,,0.6686
047_862__dissolve8,NeuralTextures,1,dissolve,8,124,132,127,1,,0.9853
047_862__dissolve16,NeuralTextures,1,dissolve,16,120,136,127,1,,0.8733
047_862__dissolve32,NeuralTextures,1,dissolve,32,112,144,128,1,,0.7415
047_862__dissolve64,NeuralTextures,1,dissolve,64,96,160,,0,,0.164
048_029__control,NeuralTextures,1,control,0,0,0,,,0,0.0015
048_029__hard_cut,NeuralTextures,1,hard_cut,0,128,128,127,1,,0.9885
048_029__fade8,NeuralTextures,1,fade,8,124,132,128,1,,0.5397
048_029__fade16,NeuralTextures,1,fade,16,120,136,,0,,0.4804
048_029__fade32,NeuralTextures,1,fade,32,112,144,119,1,,0.5774
048_029__dissolve8,NeuralTextures,1,dissolve,8,124,132,127,1,,0.9809
048_029__dissolve16,NeuralTextures,1,dissolve,16,120,136,127,1,,0.9694
048_029__dissolve32,NeuralTextures,1,dissolve,32,112,144,127,1,,0.7954
048_029__dissolve64,NeuralTextures,1,dissolve,64,96,160,,0,,0.2562
073_024__control,NeuralTextures,1,control,0,0,0,,,0,0.0003
073_024__hard_cut,NeuralTextures,1,hard_cut,0,128,128,127,1,,0.9963
073_024__fade8,NeuralTextures,1,fade,8,124,132,130,1,,0.608
073_024__fade16,NeuralTextures,1,fade,16,120,136,132,1,,0.6555
073_024__fade32,NeuralTextures,1,fade,32,112,144,136,1,,0.7685
073_024__dissolve8,NeuralTextures,1,dissolve,8,124,132,127,1,,0.9883
073_024__dissolve16,NeuralTextures,1,dissolve,16,120,136,127,1,,0.9668
073_024__dissolve32,NeuralTextures,1,dissolve,32,112,144,127,1,,0.7175
073_024__dissolve64,NeuralTextures,1,dissolve,64,96,160,,0,,0.092
078_955__control,NeuralTextures,1,control,0,0,0,,,0,0.0003
078_955__hard_cut,NeuralTextures,1,hard_cut,0,128,128,127,1,,0.9859
078_955__fade8,NeuralTextures,1,fade,8,124,132,130,1,,0.6467
078_955__fade16,NeuralTextures,1,fade,16,120,136,,0,,0.4749
078_955__fade32,NeuralTextures,1,fade,32,112,144,119 136,1,,0.5651
078_955__dissolve8,NeuralTextures,1,dissolve,8,124,132,127,1,,0.9173
078_955__dissolve16,NeuralTextures,1,dissolve,16,120,136,127,1,,0.8017
078_955__dissolve32,NeuralTextures,1,dissolve,32,112,144,128,1,,0.7117
078_955__dissolve64,NeuralTextures,1,dissolve,64,96,160,,0,,0.137
102_114__control,NeuralTextures,1,control,0,0,0,,,0,0.0
102_114__hard_cut,NeuralTextures,1,hard_cut,0,128,128,127,1,,0.9876
102_114__fade8,NeuralTextures,1,fade,8,124,132,130,1,,0.5056
102_114__fade16,NeuralTextures,1,fade,16,120,136,,0,,0.4916
102_114__fade32,NeuralTextures,1,fade,32,112,144,136,1,,0.5414
102_114__dissolve8,NeuralTextures,1,dissolve,8,124,132,127,1,,0.9829
102_114__dissolve16,NeuralTextures,1,dissolve,16,120,136,127,1,,0.9342
102_114__dissolve32,NeuralTextures,1,dissolve,32,112,144,128,1,,0.7156
102_114__dissolve64,NeuralTextures,1,dissolve,64,96,160,,0,,0.1351
114_102__control,NeuralTextures,1,control,0,0,0,,,0,0.0
114_102__hard_cut,NeuralTextures,1,hard_cut,0,128,128,127,1,,0.9985
114_102__fade8,NeuralTextures,1,fade,8,124,132,130,1,,0.8105
114_102__fade16,NeuralTextures,1,fade,16,120,136,132,1,,0.7417
114_102__fade32,NeuralTextures,1,fade,32,112,144,135,1,,0.7881
114_102__dissolve8,NeuralTextures,1,dissolve,8,124,132,127,1,,0.9956
114_102__dissolve16,NeuralTextures,1,dissolve,16,120,136,127,1,,0.9458
114_102__dissolve32,NeuralTextures,1,dissolve,32,112,144,127,1,,0.7259
114_102__dissolve64,NeuralTextures,1,dissolve,64,96,160,,0,,0.0872
128_896__control,NeuralTextures,1,control,0,0,0,,,0,0.0008
128_896__hard_cut,NeuralTextures,1,hard_cut,0,128,128,127,1,,0.9874
128_896__fade8,NeuralTextures,1,fade,8,124,132,130,1,,0.5794
128_896__fade16,NeuralTextures,1,fade,16,120,136,132,1,,0.6673
128_896__fade32,NeuralTextures,1,fade,32,112,144,136,1,,0.8593
128_896__dissolve8,NeuralTextures,1,dissolve,8,124,132,127,1,,0.9259
128_896__dissolve16,NeuralTextures,1,dissolve,16,120,136,128,1,,0.9777
128_896__dissolve32,NeuralTextures,1,dissolve,32,112,144,128,1,,0.7534
128_896__dissolve64,NeuralTextures,1,dissolve,64,96,160,,0,,0.2232
