clip_id,role,base,partner,kind,length,video_score,frames,scored_frames,no_face_frames,full_track,segments
015__control,control,015,,none,0,0.013036822900176048,256,256,0,True,1
015__hard_cut_00__035,treatment,015,035,hard_cut,0,0.2712312936782837,256,256,0,False,2
015__fade_08__035,treatment,015,035,fade,8,0.3045114278793335,256,256,0,False,2
015__fade_16__035,treatment,015,035,fade,16,0.27480971813201904,256,254,0,False,2
015__fade_32__035,treatment,015,035,fade,32,0.2549963891506195,256,254,2,False,2
015__dissolve_08__035,treatment,015,035,dissolve,8,0.3013460338115692,256,256,0,True,1
015__dissolve_16__035,treatment,015,035,dissolve,16,0.3626492917537689,256,256,0,True,1
015__dissolve_32__035,treatment,015,035,dissolve,32,0.272578626871109,256,256,0,True,1
015__dissolve_64__035,treatment,015,035,dissolve,64,0.3096710741519928,256,256,0,True,1
035__control,control,035,,none,0,0.5714019536972046,256,256,0,True,1
035__hard_cut_00__036,treatment,035,036,hard_cut,0,0.20285014808177948,256,256,0,True,1
035__fade_08__036,treatment,035,036,fade,8,0.21985462307929993,256,256,0,True,1
035__fade_16__036,treatment,035,036,fade,16,0.20268367230892181,256,256,0,True,1
035__fade_32__036,treatment,035,036,fade,32,0.16329549252986908,256,254,2,False,2
035__dissolve_08__036,treatment,035,036,dissolve,8,0.19722674787044525,256,256,0,True,1
035__dissolve_16__036,treatment,035,036,dissolve,16,0.2040875107049942,256,256,0,True,1
035__dissolve_32__036,treatment,035,036,dissolve,32,0.21034398674964905,256,256,0,True,1
035__dissolve_64__036,treatment,035,036,dissolve,64,0.22272881865501404,256,256,0,True,1
036__control,control,036,,none,0,0.0019107868429273367,256,256,0,True,1
036__hard_cut_00__128,treatment,036,128,hard_cut,0,0.033409714698791504,256,256,0,False,2
036__fade_08__128,treatment,036,128,fade,8,0.011956412345170975,256,256,0,False,2
036__fade_16__128,treatment,036,128,fade,16,0.0031151047442108393,256,256,0,False,2
036__fade_32__128,treatment,036,128,fade,32,0.00451342947781086,256,254,2,False,2
036__dissolve_08__128,treatment,036,128,dissolve,8,0.001516081509180367,256,256,0,False,2
036__dissolve_16__128,treatment,036,128,dissolve,16,0.0016172545729205012,256,256,0,False,2
036__dissolve_32__128,treatment,036,128,dissolve,32,0.0031601106747984886,256,256,0,False,2
036__dissolve_64__128,treatment,036,128,dissolve,64,0.013091793283820152,256,256,0,True,1
044__control,control,044,,none,0,0.0003359002585057169,256,256,0,True,1
044__hard_cut_00__376,treatment,044,376,hard_cut,0,0.00038412283174693584,256,256,0,False,2
044__fade_08__376,treatment,044,376,fade,8,0.0004352117539383471,256,256,0,False,2
044__fade_16__376,treatment,044,376,fade,16,0.0005198928411118686,256,256,0,False,2
044__fade_32__376,treatment,044,376,fade,32,0.00045395109918899834,256,254,2,False,2
044__dissolve_08__376,treatment,044,376,dissolve,8,0.0005144233000464737,256,256,0,False,3
044__dissolve_16__376,treatment,044,376,dissolve,16,0.0005151775549165905,256,256,0,False,3
044__dissolve_32__376,treatment,044,376,dissolve,32,0.0017330899136140943,256,256,0,False,3
044__dissolve_64__376,treatment,044,376,dissolve,64,0.07148770987987518,256,256,0,False,3
128__control,control,128,,none,0,0.0031452826224267483,256,256,0,True,1
128__hard_cut_00__288,treatment,128,288,hard_cut,0,0.0014638238353654742,256,256,0,False,2
128__fade_08__288,treatment,128,288,fade,8,0.0016556552145630121,256,256,0,False,2
128__fade_16__288,treatment,128,288,fade,16,0.0012581259943544865,256,256,0,False,2
128__fade_32__288,treatment,128,288,fade,32,0.0015566716901957989,256,254,2,False,2
128__dissolve_08__288,treatment,128,288,dissolve,8,0.0016946964897215366,256,256,0,False,2
128__dissolve_16__288,treatment,128,288,dissolve,16,0.003658123780041933,256,256,0,False,2
128__dissolve_32__288,treatment,128,288,dissolve,32,0.005865513812750578,256,256,0,False,2
128__dissolve_64__288,treatment,128,288,dissolve,64,0.004274451173841953,256,256,0,False,2
257__control,control,257,,none,0,0.1658770740032196,256,256,0,True,1
257__hard_cut_00__381,treatment,257,381,hard_cut,0,0.05649108439683914,256,256,0,False,2
257__fade_08__381,treatment,257,381,fade,8,0.04922208935022354,256,256,0,False,2
257__fade_16__381,treatment,257,381,fade,16,0.061370063573122025,256,256,0,False,2
257__fade_32__381,treatment,257,381,fade,32,0.05372495949268341,256,254,2,False,2
257__dissolve_08__381,treatment,257,381,dissolve,8,0.12547583878040314,256,256,0,False,2
257__dissolve_16__381,treatment,257,381,dissolve,16,0.07140135020017624,256,256,0,False,2
257__dissolve_32__381,treatment,257,381,dissolve,32,0.1737196296453476,256,256,0,False,2
257__dissolve_64__381,treatment,257,381,dissolve,64,0.1153288185596466,256,256,0,False,2
288__control,control,288,,none,0,0.0010546357370913029,256,256,0,True,1
288__hard_cut_00__321,treatment,288,321,hard_cut,0,0.01715722121298313,256,256,0,False,2
288__fade_08__321,treatment,288,321,fade,8,0.021404195576906204,256,256,0,False,2
288__fade_16__321,treatment,288,321,fade,16,0.011384491808712482,256,256,0,False,2
288__fade_32__321,treatment,288,321,fade,32,0.002709199907258153,256,254,2,False,2
288__dissolve_08__321,treatment,288,321,dissolve,8,0.002160753356292844,256,256,0,False,2
288__dissolve_16__321,treatment,288,321,dissolve,16,0.0024091857485473156,256,256,0,False,2
288__dissolve_32__321,treatment,288,321,dissolve,32,0.005536566022783518,256,256,0,False,2
288__dissolve_64__321,treatment,288,321,dissolve,64,0.007552964612841606,256,256,0,False,2
321__control,control,321,,none,0,0.03434940427541733,256,256,0,True,1
321__hard_cut_00__035,treatment,321,035,hard_cut,0,0.21477055549621582,256,256,0,False,2
321__fade_08__035,treatment,321,035,fade,8,0.28159913420677185,256,256,0,False,2
321__fade_16__035,treatment,321,035,fade,16,0.23017019033432007,256,254,1,False,2
321__fade_32__035,treatment,321,035,fade,32,0.15559493005275726,256,254,2,False,2
321__dissolve_08__035,treatment,321,035,dissolve,8,0.2544611990451813,256,256,0,False,2
321__dissolve_16__035,treatment,321,035,dissolve,16,0.30716899037361145,256,256,0,True,1
321__dissolve_32__035,treatment,321,035,dissolve,32,0.3805209696292877,256,256,0,True,1
321__dissolve_64__035,treatment,321,035,dissolve,64,0.44940733909606934,256,256,0,True,1
376__control,control,376,,none,0,8.106648601824418e-05,256,256,0,True,1
376__hard_cut_00__044,treatment,376,044,hard_cut,0,7.195115176727995e-05,256,256,0,False,2
376__fade_08__044,treatment,376,044,fade,8,7.389148231595755e-05,256,256,0,False,2
376__fade_16__044,treatment,376,044,fade,16,6.528573430841789e-05,256,256,0,False,2
376__fade_32__044,treatment,376,044,fade,32,7.404307689284906e-05,256,254,2,False,2
376__dissolve_08__044,treatment,376,044,dissolve,8,7.172283221734688e-05,256,256,0,False,2
376__dissolve_16__044,treatment,376,044,dissolve,16,6.598136678803712e-05,256,256,0,False,2
376__dissolve_32__044,treatment,376,044,dissolve,32,0.0005212147952988744,256,256,0,False,2
376__dissolve_64__044,treatment,376,044,dissolve,64,0.013868970796465874,256,256,0,False,2
381__control,control,381,,none,0,0.003156783292070031,256,256,0,True,1
381__hard_cut_00__257,treatment,381,257,hard_cut,0,0.07153082638978958,256,256,0,False,2
381__fade_08__257,treatment,381,257,fade,8,0.04121158644556999,256,256,0,False,2
381__fade_16__257,treatment,381,257,fade,16,0.03328261896967888,256,256,0,False,2
381__fade_32__257,treatment,381,257,fade,32,0.020873213186860085,256,254,2,False,2
381__dissolve_08__257,treatment,381,257,dissolve,8,0.02433536946773529,256,256,0,False,2
381__dissolve_16__257,treatment,381,257,dissolve,16,0.15127478539943695,256,256,0,False,2
381__dissolve_32__257,treatment,381,257,dissolve,32,0.05149177834391594,256,256,0,False,2
381__dissolve_64__257,treatment,381,257,dissolve,64,0.08702607452869415,256,256,0,False,2
