clip_id,base,partner,kind,length,partner_resized,fps_mismatch,saw_transition,full_track,segments,no_face_in_window,coverage_treatment,coverage_reference,logit_delta_window,logit_delta_outside,delta_window,delta_outside,delta_video,alarm_treatment_demo,alarm_reference_demo,alarm_increase_demo,alarm_treatment_real95,alarm_reference_real95,alarm_increase_real95
015__hard_cut_00__035,015,035,hard_cut,0,False,True,False,False,2,0,1.0,1.0,-1.6207771193482743,-0.22229392573686144,-0.09601137561276119,-0.062136752323567634,-0.020988094620406628,0.5,0.5625,-0.0625,0.5,0.5,0.0
015__fade_08__035,015,035,fade,8,False,True,True,False,2,0,1.0,1.0,-1.529272508483662,-0.18416823714917482,-0.09837805803625896,-0.0361932807844942,0.012292039580643177,0.5277777777777778,0.5833333333333334,-0.05555555555555558,0.5,0.5,0.0
015__fade_16__035,015,035,fade,16,False,True,True,False,2,0,0.975,1.0,-2.1681116444588517,-0.3718957315102509,-0.15718587840465495,-0.04487973707992668,-0.017409670166671276,0.5641025641025641,0.625,-0.0608974358974359,0.48717948717948717,0.5,-0.01282051282051283
015__fade_32__035,015,035,fade,32,False,True,True,False,2,2,0.9791666666666666,1.0,-1.5608083908706825,-0.0011341658491921592,-0.14556927698016653,-0.059747652825899424,-0.03722299914807081,0.6170212765957447,0.6875,-0.07047872340425532,0.5212765957446809,0.5,0.021276595744680882
015__dissolve_08__035,015,035,dissolve,8,False,True,True,True,1,0,1.0,1.0,0.1686278802937335,-0.415262308534999,-0.01804414477899425,-0.07971634802853932,0.009126645512878895,0.7777777777777778,0.5833333333333334,0.19444444444444442,0.7083333333333334,0.5,0.20833333333333337
015__dissolve_16__035,015,035,dissolve,16,False,True,True,True,1,0,1.0,1.0,0.8475881197032953,0.243446933745666,0.04018645604774065,-0.027133240581447768,0.0704299034550786,0.825,0.625,0.19999999999999996,0.725,0.5,0.22499999999999998
015__dissolve_32__035,015,035,dissolve,32,False,True,True,True,1,0,1.0,1.0,0.1280990933052589,-0.4953788061742159,-0.08341316917115667,-0.08924351150053553,-0.01964076142758131,0.9791666666666666,0.6875,0.29166666666666663,0.7395833333333334,0.5,0.23958333333333337
015__dissolve_64__035,015,035,dissolve,64,False,True,True,True,1,0,1.0,1.0,0.5456702436442239,-0.15212011380646379,-0.04585311877053755,-0.0608431978525914,0.01745168585330248,1.0,0.765625,0.234375,0.9140625,0.5703125,0.34375
035__hard_cut_00__036,035,036,hard_cut,0,False,False,True,True,1,0,1.0,1.0,-0.254913022840587,-0.44257207350337313,-0.033989346306043444,0.00032025937421546285,-0.08380622218828648,0.71875,1.0,-0.28125,0.6875,0.5,0.1875
035__fade_08__036,035,036,fade,8,False,False,True,True,1,0,1.0,1.0,0.19043080920561525,-0.5144655032357325,0.01510441223055952,0.003384508405776179,-0.06680174719076604,0.7083333333333334,1.0,-0.29166666666666663,0.6805555555555556,0.5,0.18055555555555558
035__fade_16__036,035,036,fade,16,False,False,True,True,1,0,1.0,1.0,-0.36217461994508954,-0.4768003996194178,-0.032315585003379964,0.0024634772525215258,-0.08397269796114415,0.6625,1.0,-0.3375,0.625,0.5,0.125
035__fade_32__036,035,036,fade,32,False,False,True,False,2,2,0.9791666666666666,1.0,-1.3736971229521209,-0.20209559370605454,-0.059073488176549525,-1.3427643125396571e-05,-0.12336087774019688,0.5106382978723404,0.9583333333333334,-0.447695035460993,0.5,0.5,0.0
035__dissolve_08__036,035,036,dissolve,8,False,False,True,True,1,0,1.0,1.0,-0.6004683571399855,-0.4384949605093065,-0.04311256689591877,-0.0014948791537157692,-0.08942962239962071,0.6527777777777778,1.0,-0.3472222222222222,0.6527777777777778,0.5,0.1527777777777778
035__dissolve_16__036,035,036,dissolve,16,False,False,True,True,1,0,1.0,1.0,-0.7008820612997544,-0.5084835339138842,-0.023323521839483875,0.00017091009598599075,-0.08256885956507176,0.65,1.0,-0.35,0.6375,0.5,0.13749999999999996
035__dissolve_32__036,035,036,dissolve,32,False,False,True,True,1,0,1.0,1.0,0.8896835602191907,-0.4125176492251527,-0.005195686571217569,0.00044365131027461756,-0.07631238352041692,0.9583333333333334,0.9583333333333334,0.0,0.9375,0.5,0.4375
035__dissolve_64__036,035,036,dissolve,64,False,False,True,True,1,0,1.0,1.0,0.16705143139321926,-0.537674838915682,0.027063542084420078,-0.008643063579484078,-0.06392755161505193,0.7109375,0.84375,-0.1328125,0.6328125,0.5,0.1328125
036__hard_cut_00__128,036,128,hard_cut,0,False,False,False,False,2,0,1.0,1.0,-0.5632179145671772,0.9258836779666408,-0.0005057256560121459,0.03307075041743701,0.03088167996611446,0.0,0.09375,-0.09375,0.0,0.0,0.0
036__fade_08__128,036,128,fade,8,False,False,True,False,2,0,1.0,1.0,-0.2720822427219608,0.7417838665834126,-0.0003354905720698298,0.010142946276059576,0.009428377612493932,0.0,0.08333333333333333,-0.08333333333333333,0.0,0.0,0.0
036__fade_16__128,036,128,fade,16,False,False,True,False,2,0,1.0,1.0,-0.49074952579651987,0.1344065633116117,-0.00037581886317639146,0.0009643851182607415,0.0005870700115337968,0.0,0.075,-0.075,0.0,0.0,0.0
036__fade_32__128,036,128,fade,32,False,False,True,False,2,2,0.9791666666666666,1.0,-0.33922713234362445,0.41884391446411895,-0.00027315618028799865,0.004182446279628493,0.001985394745133817,0.0,0.0625,-0.0625,0.0,0.0,0.0
036__dissolve_08__128,036,128,dissolve,8,False,False,True,False,2,0,1.0,1.0,-1.0777805795821171,-0.3103945007235059,-0.0005893131687520912,-0.0017852570748326125,-0.0010119532234966755,0.0,0.08333333333333333,-0.08333333333333333,0.0,0.0,0.0
036__dissolve_16__128,036,128,dissolve,16,False,False,True,False,2,0,1.0,1.0,0.8858651204556184,-0.23758295315396144,0.001203007343428908,-0.002211947729268683,-0.0009107801597565413,0.275,0.075,0.2,0.0,0.0,0.0
036__dissolve_32__128,036,128,dissolve,32,False,False,True,False,2,0,1.0,1.0,-0.8588191802188114,0.02225398781624256,-0.0004361377384611842,-6.786537160223816e-05,0.0006320759421214461,0.0,0.0625,-0.0625,0.0,0.0,0.0
036__dissolve_64__128,036,128,dissolve,64,False,False,True,True,1,0,1.0,1.0,2.303775110651671,0.06289378083718714,0.01728357869546926,0.001150813865137934,0.01056375855114311,0.53125,0.046875,0.484375,0.34375,0.0,0.34375
044__hard_cut_00__376,044,376,hard_cut,0,False,True,False,False,2,0,1.0,1.0,-0.04602438383543861,-0.08059451442463711,-4.167854228853685e-06,-1.3480268686786681e-05,0.0001756394594849553,0.0,0.0,0.0,0.0,0.0,0.0
044__fade_08__376,044,376,fade,8,False,True,True,False,2,0,1.0,1.0,0.5381675171538715,0.19774499121665162,8.134231931459605e-05,2.1031301339067085e-05,0.00022672838167636655,0.0,0.0,0.0,0.0,0.0,0.0
044__fade_16__376,044,376,fade,16,False,True,True,False,2,0,1.0,1.0,0.604182018159365,0.23808762870063746,0.00013431067520741635,8.226711507962715e-05,0.00031140946884988807,0.0,0.0,0.0,0.0,0.0,0.0
044__fade_32__376,044,376,fade,32,False,True,True,False,2,2,0.9791666666666666,1.0,0.9308943147978371,0.09732918228145535,0.00016277727460893655,8.937286361287989e-06,0.0002454677269270178,0.0,0.0,0.0,0.0,0.0,0.0
044__dissolve_08__376,044,376,dissolve,8,False,True,True,False,3,0,1.0,1.0,0.6839484494036566,0.3829417868540913,0.0001038342265676167,3.9513757754953666e-05,0.0003059399277844932,0.0,0.0,0.0,0.0,0.0,0.0
044__dissolve_16__376,044,376,dissolve,16,False,True,True,False,3,0,1.0,1.0,0.5781679795439866,0.14563418665511263,9.540897501665313e-05,3.3945418584318595e-05,0.0003066941826546099,0.0,0.0,0.0,0.0,0.0,0.0
044__dissolve_32__376,044,376,dissolve,32,False,True,True,False,3,0,1.0,1.0,2.553265300082081,0.10405783215284858,0.004546276385648677,1.857014567576698e-05,0.0015246065413521137,0.3854166666666667,0.0,0.3854166666666667,0.052083333333333336,0.0,0.052083333333333336
044__dissolve_64__376,044,376,dissolve,64,False,True,True,False,3,0,1.0,1.0,4.2615822578722,0.17808602287863118,0.18573242310139904,1.081080810649837e-05,0.0712792265076132,0.4609375,0.0,0.4609375,0.375,0.0,0.375
128__hard_cut_00__288,128,288,hard_cut,0,False,False,False,False,2,0,1.0,1.0,0.1637858690748255,-0.21474574595226048,0.00018576735055830795,-0.0002573642299239509,-0.0006361353443935513,0.015625,0.0,0.015625,0.0,0.0,0.0
128__fade_08__288,128,288,fade,8,False,False,True,False,2,0,1.0,1.0,-0.36406436032918177,-0.08529231244793387,-0.00013932845710466305,-5.176071471910488e-05,-0.00044430396519601345,0.0,0.0,0.0,0.0,0.0,0.0
128__fade_16__288,128,288,fade,16,False,False,True,False,2,0,1.0,1.0,-0.006959644835701518,-0.3478319534634723,0.00010345515747758327,-0.0005443029792579844,-0.0008418331854045391,0.0,0.0,0.0,0.0,0.0,0.0
128__fade_32__288,128,288,fade,32,False,False,True,False,2,2,0.9791666666666666,1.0,-0.33078459341008987,-0.013978058448512454,-0.00015238922292445885,-0.0001325055243796669,-0.0005432874895632267,0.02127659574468085,0.0,0.02127659574468085,0.0,0.0,0.0
128__dissolve_08__288,128,288,dissolve,8,False,False,True,False,2,0,1.0,1.0,0.6102554127867204,-0.3680624582250706,0.001575154122393643,-0.0002835938367633903,-0.00040526269003748894,0.2916666666666667,0.0,0.2916666666666667,0.013888888888888888,0.0,0.013888888888888888
128__dissolve_16__288,128,288,dissolve,16,False,False,True,False,2,0,1.0,1.0,0.764235949183581,0.37956079939899534,0.0018359838852120447,0.0019284021413609894,0.0015581646002829075,0.2875,0.0,0.2875,0.0,0.0,0.0
128__dissolve_32__288,128,288,dissolve,32,False,False,True,False,2,0,1.0,1.0,1.7034884563493424,-0.29685605998783504,0.024215305390801706,-0.0004879458206232812,0.0037655546329915524,0.3958333333333333,0.0,0.3958333333333333,0.34375,0.0,0.34375
128__dissolve_64__288,128,288,dissolve,64,False,False,True,False,2,0,1.0,1.0,1.7803744510765367,-0.28242466744096717,0.00726970867071941,-0.00034235038259566863,0.0021744919940829277,0.625,0.09375,0.53125,0.0703125,0.0,0.0703125
257__hard_cut_00__381,257,381,hard_cut,0,False,False,False,False,2,0,1.0,1.0,-0.43207966872001274,0.0449810699376569,-0.021769836633325212,0.0022707468997585543,-0.028025844250805676,0.5,0.5,0.0,0.5,0.5,0.0
257__fade_08__381,257,381,fade,8,False,False,True,False,2,0,1.0,1.0,-0.7692609203878283,-0.17221981357798488,-0.035162830031771994,-0.0012515176205219493,-0.03529483929742128,0.5,0.5,0.0,0.4027777777777778,0.5,-0.09722222222222221
257__fade_16__381,257,381,fade,16,False,False,True,False,2,0,1.0,1.0,-0.5703722434810581,-0.16867095883650876,-0.002856154095934471,0.002332313453114859,-0.023146865074522793,0.5,0.5,0.0,0.5,0.5,0.0
257__fade_32__381,257,381,fade,32,False,False,True,False,2,2,0.9791666666666666,1.0,-0.43623174725525155,-0.07308535233162436,-0.010780959663068333,-0.0014864625592963421,-0.030791969154961407,0.5,0.5,0.0,0.48936170212765956,0.5,-0.010638297872340441
257__dissolve_08__381,257,381,dissolve,8,False,False,True,False,2,0,1.0,1.0,1.626768614113797,0.12261522343420504,0.20865722520834928,0.0223405765453643,0.04095891013275832,0.5555555555555556,0.5,0.05555555555555558,0.5555555555555556,0.5,0.05555555555555558
257__dissolve_16__381,257,381,dissolve,16,False,False,True,False,2,0,1.0,1.0,0.7139745499058392,-0.12906470134705314,0.05415163421912439,0.0037714902071622255,-0.013115578447468579,0.5875,0.5,0.08750000000000002,0.5875,0.5,0.08750000000000002
257__dissolve_32__381,257,381,dissolve,32,False,False,True,False,2,0,1.0,1.0,2.7129874461938606,-0.2606737727733145,0.3601414331961526,-0.0006809849288401893,0.08920270099770278,0.6458333333333334,0.5,0.14583333333333337,0.6458333333333334,0.5,0.14583333333333337
257__dissolve_64__381,257,381,dissolve,64,False,False,True,False,2,0,1.0,1.0,1.6328539537977824,-0.2410823021159291,0.08686571321624115,0.002949978588048907,0.03081188991200179,0.703125,0.5,0.203125,0.703125,0.5,0.203125
288__hard_cut_00__321,288,321,hard_cut,0,False,False,False,False,2,0,1.0,1.0,0.6603368748661003,-0.849964424010971,0.04894468456996037,-0.004795782627979861,-0.000544798793271184,0.5,0.5,0.0,0.5,0.5,0.0
288__fade_08__321,288,321,fade,8,False,False,True,False,2,0,1.0,1.0,-0.1252693257257148,0.4796558825407545,-0.021802412571155907,0.01947512178847556,0.003702175570651889,0.4166666666666667,0.5,-0.08333333333333331,0.2222222222222222,0.5,-0.2777777777777778
288__fade_16__321,288,321,fade,16,False,False,True,False,2,0,1.0,1.0,0.8763681107203748,-0.44907033412078773,-0.01114349035306077,-0.003873617399470029,-0.006317528197541833,0.875,0.5,0.375,0.375,0.5,-0.125
288__fade_32__321,288,321,fade,32,False,False,True,False,2,2,0.9791666666666666,1.0,-0.8088700300706209,-0.41705958722131087,-0.02883662728368592,-0.004807555255592888,-0.014992820098996162,0.44680851063829785,0.5,-0.05319148936170215,0.0,0.5,-0.5
288__dissolve_08__321,288,321,dissolve,8,False,False,True,False,2,0,1.0,1.0,-0.8284444659473275,-0.6896114567574021,-0.033401553873166755,-0.0069177628714817765,-0.015541266649961472,0.5,0.5,0.0,0.013888888888888888,0.5,-0.4861111111111111
288__dissolve_16__321,288,321,dissolve,16,False,False,True,False,2,0,1.0,1.0,-0.3974074304706609,-0.9791131865805479,-0.03233985515144013,-0.006635724960688094,-0.015292834257707,0.6875,0.5,0.1875,0.0,0.5,-0.5
288__dissolve_32__321,288,321,dissolve,32,False,False,True,False,2,0,1.0,1.0,-0.3156201127194072,0.19682601221595206,-0.02717590461512979,0.0016261127891993965,-0.012165453983470798,0.4895833333333333,0.5,-0.010416666666666685,0.03125,0.5,-0.46875
288__dissolve_64__321,288,321,dissolve,64,False,False,True,False,2,0,1.0,1.0,0.484751927704722,-0.10912755067088739,-0.017521485802035386,0.002553548365312963,-0.01014905539341271,0.796875,0.5,0.296875,0.0703125,0.3828125,-0.3125
321__hard_cut_00__035,321,035,hard_cut,0,False,False,False,False,2,0,1.0,1.0,-1.6988420240537596,-0.6509252795167648,-0.20166865608189255,-0.09836799918897061,-0.08810512349009514,1.0,1.0,0.0,1.0,0.90625,0.09375
321__fade_08__035,321,035,fade,8,False,False,True,False,2,0,1.0,1.0,-0.7850350458952366,0.09604271527317565,-0.08577425224292609,-0.04763516413209879,-0.02127654477953911,1.0,1.0,0.0,1.0,0.8611111111111112,0.13888888888888884
321__fade_16__035,321,035,fade,16,False,False,True,False,2,1,0.975,1.0,-2.4181636124622647,-0.5241662712856052,-0.17702662975539285,-0.08713042344871527,-0.07270548865199089,0.8974358974358975,1.0,-0.10256410256410253,0.48717948717948717,0.825,-0.3378205128205128
321__fade_32__035,321,035,fade,32,False,False,True,False,2,2,0.9791666666666666,1.0,-3.1265470555342025,-0.3776438059518399,-0.38634605774101105,-0.0883463633712381,-0.1472807489335537,0.925531914893617,1.0,-0.07446808510638303,0.6170212765957447,0.7708333333333334,-0.1538120567375887
321__dissolve_08__035,321,035,dissolve,8,False,False,True,False,2,0,1.0,1.0,-2.3877842669578175,-0.19522232947719353,-0.2262173662117372,-0.04350855318404248,-0.048414479941129684,1.0,1.0,0.0,0.6388888888888888,0.8611111111111112,-0.22222222222222232
321__dissolve_16__035,321,035,dissolve,16,False,False,True,True,1,0,1.0,1.0,-0.13009375366684392,-0.6937991429737109,0.015024934092070907,-0.11370206223165785,0.004293311387300491,1.0,1.0,0.0,1.0,0.825,0.17500000000000004
321__dissolve_32__035,321,035,dissolve,32,False,False,True,True,1,0,1.0,1.0,0.629626783911163,-0.23552095194024636,0.11568880941680011,-0.06209318125038408,0.07764529064297676,1.0,1.0,0.0,1.0,0.7708333333333334,0.22916666666666663
321__dissolve_64__035,321,035,dissolve,64,False,False,True,True,1,0,1.0,1.0,1.7501654010440046,0.05771635683924944,0.20647723476577085,-0.07610934172589623,0.14653166010975838,1.0,1.0,0.0,1.0,0.703125,0.296875
376__hard_cut_00__044,376,044,hard_cut,0,False,True,False,False,2,0,1.0,1.0,0.2717453567967484,0.10338040118613216,1.7963740106097248e-05,7.765134550178724e-06,-0.0001365322204947006,0.0,0.0,0.0,0.0,0.0,0.0
376__fade_08__044,376,044,fade,8,False,True,True,False,2,0,1.0,1.0,0.20935324648415407,0.1369757120638682,1.410483087561766e-05,1.0675509716036132e-05,-0.000134591889946023,0.0,0.0,0.0,0.0,0.0,0.0
376__fade_16__044,376,044,fade,16,False,True,True,False,2,0,1.0,1.0,0.2546767533714166,-0.03328222249458108,1.6007397152861814e-05,-2.099985605044904e-06,-0.00014319763795356266,0.0,0.0,0.0,0.0,0.0,0.0
376__fade_32__044,376,044,fade,32,False,True,True,False,2,2,0.9791666666666666,1.0,0.6628760714067378,-0.007010581714258069,5.289944779856051e-05,-4.6224763536883986e-07,-0.0001344402953691315,0.0,0.0,0.0,0.0,0.0,0.0
376__dissolve_08__044,376,044,dissolve,8,False,True,True,False,2,0,1.0,1.0,0.2526752835318071,0.12065348372115439,1.6035827381225925e-05,9.007961105690692e-06,-0.00013676054004463367,0.0,0.0,0.0,0.0,0.0,0.0
376__dissolve_16__044,376,044,dissolve,16,False,True,True,False,2,0,1.0,1.0,0.29436435049007253,0.025107104792516353,1.9770259223150787e-05,1.9114084517985415e-06,-0.00014250200547394343,0.0,0.0,0.0,0.0,0.0,0.0
376__dissolve_32__044,376,044,dissolve,32,False,True,True,False,2,0,1.0,1.0,2.0208562728941133,0.060968335241374585,0.00347474385902539,4.510508233579458e-06,0.00031273142303689383,0.3333333333333333,0.0,0.3333333333333333,0.041666666666666664,0.0,0.041666666666666664
376__dissolve_64__044,376,044,dissolve,64,False,True,True,False,2,0,1.0,1.0,3.1311166311730423,0.25340130044565234,0.03250167182747532,2.1667370106115413e-05,0.013660487424203893,0.40625,0.0,0.40625,0.3515625,0.0,0.3515625
381__hard_cut_00__257,381,257,hard_cut,0,False,False,False,False,2,0,1.0,1.0,-0.6518906362145793,0.2831939112546262,-0.06063071474000026,-0.00854688933562405,-0.012986102257855237,0.5,0.5,0.0,0.5,0.5,0.0
381__fade_08__257,381,257,fade,8,False,False,True,False,2,0,1.0,1.0,-0.6192930667655632,0.01753363449608144,-0.15267973047432154,-0.021312964900773848,-0.043305342202074826,0.5,0.5,0.0,0.4444444444444444,0.5,-0.05555555555555558
381__fade_16__257,381,257,fade,16,False,False,True,False,2,0,1.0,1.0,-1.5181392305504318,-0.2353136527907832,-0.19980446332247084,-0.013320335492442775,-0.05123430967796594,0.5,0.5,0.0,0.3625,0.5,-0.1375
381__fade_32__257,381,257,fade,32,False,False,True,False,2,2,0.9791666666666666,1.0,-1.1510569620988318,0.10464321660893353,-0.21242804842706314,-0.0047920433555191265,-0.06364371546078473,0.5106382978723404,0.5,0.010638297872340385,0.39361702127659576,0.5,-0.10638297872340424
381__dissolve_08__257,381,257,dissolve,8,False,False,True,False,2,0,1.0,1.0,-1.2240477461056278,0.19271110209359033,-0.2335982243542579,-0.01775071470847647,-0.06018155917990953,0.4583333333333333,0.5,-0.041666666666666685,0.4166666666666667,0.5,-0.08333333333333331
381__dissolve_16__257,381,257,dissolve,16,False,False,True,False,2,0,1.0,1.0,-0.42108699010725725,0.8398262361541945,-0.033451921538289756,0.07736994599657589,0.06675785675179213,0.425,0.5,-0.07500000000000001,0.425,0.5,-0.07500000000000001
381__dissolve_32__257,381,257,dissolve,32,False,False,True,False,2,0,1.0,1.0,0.03812407546506521,0.5891167779854088,-0.17464731024574576,0.024462716666494088,-0.03302515030372888,0.7291666666666666,0.5,0.22916666666666663,0.5104166666666666,0.5,0.01041666666666663
381__dissolve_64__257,381,257,dissolve,64,False,False,True,False,2,0,1.0,1.0,0.7406268203313612,0.9296664664662708,-0.08506962669048335,0.0675054125852057,0.002509145881049335,0.796875,0.5859375,0.2109375,0.6328125,0.5625,0.0703125
